Constituency_Name,Winner_Name,Winner_Party,RunnerUp_Name,RunnerUp_Party,Winning_Margin
AJMER,BHAGIRATH CHOUDHARY,Bharatiya Janata Party,RAMCHANDRA CHOUDHARY,Indian National Congress,329991
ALWAR,BHUPENDER YADAV,Bharatiya Janata Party,LALIT YADAV,Indian National Congress,48282
AMBALA,VARUN CHAUDHRY,Indian National Congress,BANTO KATARIA,Bharatiya Janata Party,49036
ANANTNAG-RAJOURI,MIAN ALTAF AHMAD,Jammu & Kashmir National Conference,MEHBOOBA MUFTI,Jammu & Kashmir Peoples Democratic Party,281794
ARAKKONAM,S JAGATHRATCHAKAN,Dravida Munnetra Kazhagam,L VIJAYAN,All India Anna Dravida Munnetra Kazhagam,306559
ARANI,THARANIVENTHAN M S,Dravida Munnetra Kazhagam,"GAJENDRAN, G.V.",All India Anna Dravida Munnetra Kazhagam,208766
Adilabad,GODAM NAGESH,Bharatiya Janata Party,ATHRAM SUGUNA,Indian National Congress,90652
Agra,PROF S P SINGH BAGHEL,Bharatiya Janata Party,SURESH CHAND KARDAM,Samajwadi Party,271294
Ahmedabad East,HASMUKHBHAI PATEL (H.S.PATEL),Bharatiya Janata Party,HIMMATSINH PRAHLADSINH PATEL,Indian National Congress,461755
Ahmedabad West,DINESHBHAI MAKWANA (ADVOCATE),Bharatiya Janata Party,BHARAT YOGENDRA MAKWANA,Indian National Congress,286437
Ahmednagar,NILESH DNYANDEV LANKE,Nationalist Congress Party – Sharadchandra Pawar,DR. SUJAY RADHAKRISHNA VIKHEPATIL,Bharatiya Janata Party,28929
Akbarpur,DEVENDRA SINGH ALIAS BHOLE SINGH,Bharatiya Janata Party,RAJARAM PAL,Samajwadi Party,44345
Akola,ANUP SANJAY DHOTRE,Bharatiya Janata Party,ABHAY KASHINATH PATIL,Indian National Congress,40626
Alappuzha,K. C VENUGOPAL,Indian National Congress,A. M ARIFF,Communist Party of India (Marxist),63513
Alathur,K.RADHAKRISHNAN,Communist Party of India (Marxist),RAMYA HARIDAS,Indian National Congress,20111
Aligarh,SATISH KUMAR GAUTAM,Bharatiya Janata Party,BIJENDRA SINGH,Samajwadi Party,15647
Alipurduars,MANOJ TIGGA,Bharatiya Janata Party,PRAKASH CHIK BARAIK,All India Trinamool Congress,75447
Allahabad,UJJWAL RAMAN SINGH,Indian National Congress,NEERAJ TRIPATHI,Bharatiya Janata Party,58795
Almora,AJAY TAMTA,Bharatiya Janata Party,PRADEEP TAMTA,Indian National Congress,234097
Amalapuram (SC),G M HARISH (BALAYOGI),Telugu Desam,RAPAKA VARAPRASADA RAO,Yuvajana Sramika Rythu Congress Party,342196
Ambedkar Nagar,LALJI VERMA,Samajwadi Party,RITESH PANDEY,Bharatiya Janata Party,137247
Amethi,KISHORI LAL,Indian National Congress,SMRITI IRANI,Bharatiya Janata Party,167196
Amravati,BALWANT BASWANT WANKHADE,Indian National Congress,NAVNEET RAVI RANA,Bharatiya Janata Party,19731
Amreli,BHARATBHAI MANUBHAI SUTARIYA,Bharatiya Janata Party,JENNY THUMMAR,Indian National Congress,321068
Amritsar,GURJEET SINGH AUJLA,Indian National Congress,KULDEEP SINGH DHALIWAL,Aam Aadmi Party,40301
Amroha,KANWAR SINGH TANWAR,Bharatiya Janata Party,KUNWAR DANISH ALI,Indian National Congress,28670
Anakapalle,C.M.RAMESH,Bharatiya Janata Party,BUDI MUTYALA NAIDU,Yuvajana Sramika Rythu Congress Party,296530
Anand,MITESH PATEL (BAKABHAI),Bharatiya Janata Party,AMIT CHAVDA,Indian National Congress,89939
Anandpur Sahib,MALVINDER SINGH KANG,Aam Aadmi Party,VIJAY INDER SINGLA,Indian National Congress,10846
Ananthapur,AMBICA G LAKSHMINARAYANA VALMIKI,Telugu Desam,MALAGUNDLA SANKAR NARAYANA,Yuvajana Sramika Rythu Congress Party,188555
Andaman & Nicobar Islands,BISHNU PADA RAY,Bharatiya Janata Party,KULDEEP RAI SHARMA,Indian National Congress,24396
Aonla,NEERAJ MAURYA,Samajwadi Party,DHARMENDRA KASHYAP,Bharatiya Janata Party,15969
Araku (ST),GUMMA THANUJA RANI,Yuvajana Sramika Rythu Congress Party,KOTHAPALLI GEETHA,Bharatiya Janata Party,50580
Arambagh,BAG MITALI,All India Trinamool Congress,ARUP KANTI DIGAR,Bharatiya Janata Party,6399
Araria,PRADEEP KUMAR SINGH,Bharatiya Janata Party,SHAHNAWAZ,Rashtriya Janata Dal,20094
Arrah,SUDAMA PRASAD,Communist Party of India (Marxist-Leninist) (Liberation),R. K. SINGH,Bharatiya Janata Party,59808
Arunachal East,TAPIR GAO,Bharatiya Janata Party,BOSIRAM SIRAM,Indian National Congress,30421
Arunachal West,KIREN RIJIJU,Bharatiya Janata Party,NABAM TUKI,Indian National Congress,100738
Asansol,SHATRUGHAN PRASAD SINHA,All India Trinamool Congress,SURENDRAJEET SINGH AHLUWALIA,Bharatiya Janata Party,59564
Aska,ANITA SUBHADARSHINI,Bharatiya Janata Party,RANJITA SAHU,Biju Janata Dal,99974
Attingal,ADV ADOOR PRAKASH,Indian National Congress,V JOY,Communist Party of India (Marxist),684
Aurangabad,BHUMARE SANDIPANRAO ASARAM,Shiv Sena,IMTIAZ JALEEL SYED,All India Majlis-E-Ittehadul Muslimeen,134650
Aurangabad,ABHAY KUMAR SINHA,Rashtriya Janata Dal,SUSHIL KUMAR SINGH,Bharatiya Janata Party,79111
Azamgarh,DHARMENDRA YADAV,Samajwadi Party,DINESH LAL YADAV “NIRAHUA”,Bharatiya Janata Party,161035
BALAGHAT,BHARTI PARDHI,Bharatiya Janata Party,SAMRAT ASHOK SINGH SARASWAR,Indian National Congress,174512
BANSWARA,RAJ KUMAR ROAT,Bharat Adivasi Party,MAHENDRAJEETSINGH MALVIYA,Bharatiya Janata Party,247054
BARAMULLA,ABDUL RASHID SHEIKH,Independent,OMAR ABDULLAH,Jammu & Kashmir National Conference,204142
BARMER,UMMEDA RAM BENIWAL,Indian National Congress,RAVINDRA SINGH BHATI,Independent,118176
BASTAR,MAHESH KASHYAP,Bharatiya Janata Party,KAWASI LAKHMA,Indian National Congress,55245
BETUL,DURGADAS (D. D.) UIKEY,Bharatiya Janata Party,RAMU TEKAM,Indian National Congress,379761
BHARATPUR,SANJNA JATAV,Indian National Congress,RAMSWAROOP KOLI,Bharatiya Janata Party,51983
BHILWARA,DAMODAR AGARWAL,Bharatiya Janata Party,C P JOSHI,Indian National Congress,354606
BHIND,SANDHYA RAY,Bharatiya Janata Party,PHOOL SINGH BARAIYA,Indian National Congress,64840
BHIWANI-MAHENDRAGARH,DHARAMBIR SINGH,Bharatiya Janata Party,RAO DAN SINGH,Indian National Congress,41510
BHOPAL,ALOK SHARMA,Bharatiya Janata Party,ADVOCATE ARUN SHRIVASTAVA,Indian National Congress,501499
BIKANER,ARJUN RAM MEGHWAL,Bharatiya Janata Party,GOVINDRAM MEGHWAL,Indian National Congress,55711
BILASPUR,TOKHAN SAHU,Bharatiya Janata Party,DEVENDRA YADAV,Indian National Congress,164558
Badaun,ADITYA YADAV,Samajwadi Party,DURVIJAY SINGH SHAKYA,Bharatiya Janata Party,34991
Bagalkot,GADDIGOUDAR. PARVATAGOUDA. CHANDANAGOUDA.,Bharatiya Janata Party,SAMYUKTA SHIVANAND PATIL,Indian National Congress,68399
Baghpat,DR RAJKUMAR SANGWAN,Rashtriya Lok Dal,AMARPAL,Samajwadi Party,159459
Baharaich,ANAND KUMAR,Bharatiya Janata Party,RAMESH CHANDRA,Samajwadi Party,64227
Baharampur,PATHAN YUSUF,All India Trinamool Congress,ADHIR RANJAN CHOWDHURY,Indian National Congress,85022
Balasore,PRATAP CHANDRA SARANGI,Bharatiya Janata Party,LEKHASRI SAMANTSINGHAR,Biju Janata Dal,147156
Ballia,SANATAN PANDEY,Samajwadi Party,NEERAJ SHEKHAR,Bharatiya Janata Party,43384
Balurghat,SUKANTA MAJUMDAR,Bharatiya Janata Party,BIPLAB MITRA,All India Trinamool Congress,10386
Banaskantha,GENIBEN NAGAJI THAKOR,Indian National Congress,DR. REKHABEN HITESHBHAI CHAUDHARI,Bharatiya Janata Party,30406
Banda,KRISHNA DEVI SHIVSHANKER PATEL,Samajwadi Party,R. K. SINGH PATEL,Bharatiya Janata Party,71210
Bangalore North,SHOBHA KARANDLAJE,Bharatiya Janata Party,PROFESSOR M.V RAJEEV GOWDA,Indian National Congress,259476
Bangalore Rural,DR C N MANJUNATH,Bharatiya Janata Party,D K SURESH,Indian National Congress,269647
Bangalore South,TEJASVI SURYA,Bharatiya Janata Party,SOWMYA REDDY,Indian National Congress,277083
Bangalore central,P C MOHAN,Bharatiya Janata Party,MANSOOR ALI KHAN,Indian National Congress,32707
Bangaon,SHANTANU THAKUR,Bharatiya Janata Party,BISWAJIT DAS S/O LATE BIJAY KRISHNA DAS,All India Trinamool Congress,73693
Banka,GIRIDHARI YADAV,Janata Dal (United),JAI PRAKASH NARAYAN YADAV,Rashtriya Janata Dal,103844
Bankura,ARUP CHAKRABORTY,All India Trinamool Congress,DR. SUBHAS SARKAR,Bharatiya Janata Party,32778
Bansgaon,KAMLESH PASWAN,Bharatiya Janata Party,SADAL PRASAD,Indian National Congress,3150
Bapatla (SC),KRISHNA PRASAD TENNETI,Telugu Desam,NANDIGAM SURESH BABU,Yuvajana Sramika Rythu Congress Party,208031
Barabanki,TANUJ PUNIA,Indian National Congress,RAJRANI RAWAT,Bharatiya Janata Party,215704
Baramati,SUPRIYA SULE,Nationalist Congress Party – Sharadchandra Pawar,SUNETRA AJITDADA PAWAR,Nationalist Congress Party,158333
Barasat,KAKOLI GHOSH DASTIDAR,All India Trinamool Congress,SWAPAN MAJUMDER,Bharatiya Janata Party,114189
Bardhaman Purba,DR. SHARMILA SARKAR,All India Trinamool Congress,ASIM KUMAR SARKAR,Bharatiya Janata Party,160572
Bardhaman-Durgapur,AZAD KIRTI JHA,All India Trinamool Congress,DILIP GHOSH,Bharatiya Janata Party,137981
Bardoli,PARBHUBHAI NAGARBHAI VASAVA,Bharatiya Janata Party,CHAUDHARY SIDDHARTH AMARSINH,Indian National Congress,230253
Bareilly,CHHATRA PAL SINGH GANGWAR,Bharatiya Janata Party,PRAVEEN SINGH ARON,Samajwadi Party,34804
Bargarh,PRADEEP PUROHIT,Bharatiya Janata Party,PARINITA MISHRA,Biju Janata Dal,251667
Barpeta,PHANI BHUSAN CHOUDHURY,Asom Gana Parishad,DEEP BAYAN,Indian National Congress,222351
Barrackpur,PARTHA BHOWMICK,All India Trinamool Congress,ARJUN SINGH,Bharatiya Janata Party,64438
Basirhat,SK NURUL ISLAM,All India Trinamool Congress,REKHA PATRA,Bharatiya Janata Party,333547
Basti,RAM PRASAD CHAUDHARY,Samajwadi Party,HARISH CHANDRA ALIAS HARISH DWIVEDI,Bharatiya Janata Party,100994
Bathinda,HARSIMRAT KAUR BADAL,Shiromani Akali Dal,GURMEET SINGH KHUDIAN,Aam Aadmi Party,49656
Beed,BAJRANG MANOHAR SONWANE,Nationalist Congress Party – Sharadchandra Pawar,PANKAJA GOPINATHRAO MUNDE,Bharatiya Janata Party,6553
Begusarai,GIRIRAJ SINGH,Bharatiya Janata Party,ABDHESH KUMAR ROY,Communist Party of India,81480
Belgaum,JAGADISH SHETTAR,Bharatiya Janata Party,MRINAL R HEBBALKAR,Indian National Congress,178437
Bellary,E. TUKARAM,Indian National Congress,B. SREERAMULU,Bharatiya Janata Party,98992
Berhampur,DR. PRADEEP KUMAR PANIGRAHY,Bharatiya Janata Party,BHRUGU BAXIPATRA,Biju Janata Dal,165476
Bhadohi,DR. VINOD KUMAR BIND,Bharatiya Janata Party,LALITESHPATI TRIPATHI,All India Trinamool Congress,44072
Bhadrak,AVIMANYU SETHI,Bharatiya Janata Party,MANJULATA MANDAL,Biju Janata Dal,91544
Bhagalpur,AJAY KUMAR MANDAL,Janata Dal (United),AJEET SHARMA,Indian National Congress,104868
Bhandara Gondiya,DR. PRASHANT YADAORAO PADOLE,Indian National Congress,SUNIL BABURAO MENDHE,Bharatiya Janata Party,37380
Bharuch,MANSUKHBHAI DHANJIBHAI VASAVA,Bharatiya Janata Party,CHAITARBHAI DAMJIBHAI VASAVA,Aam Aadmi Party,85696
Bhavnagar,NIMUBEN JAYANTIBHAI BAMBHANIYA (NIMUBEN BAMBHANIYA),Bharatiya Janata Party,UMESHBHAI NARANBHAI MAKWANA,Aam Aadmi Party,455289
Bhiwandi,BALYA MAMA - SURESH GOPINATH MHATRE,Nationalist Congress Party – Sharadchandra Pawar,KAPIL MORESHWAR PATIL,Bharatiya Janata Party,66121
Bhongir,CHAMALA KIRAN KUMAR REDDY,Indian National Congress,DR. BOORA NARSAIAH GOUD,Bharatiya Janata Party,222170
Bhubaneswar,APARAJITA SARANGI,Bharatiya Janata Party,MANMATH KUMAR ROUTRAY,Biju Janata Dal,35152
Bidar,SAGAR ESHWAR KHANDRE,Indian National Congress,BHAGWANTH KHUBA,Bharatiya Janata Party,128875
Bijapur,RAMESH JIGAJINAGI,Bharatiya Janata Party,RAJU ALAGUR.,Indian National Congress,77229
Bijnor,CHANDAN CHAUHAN,Rashtriya Lok Dal,DEEPAK,Samajwadi Party,37508
Birbhum,SATABDI ROY,All India Trinamool Congress,DEBTANU BHATTACHARYA,Bharatiya Janata Party,197650
Bishnupur,KHAN SAUMITRA,Bharatiya Janata Party,SUJATA MONDAL,All India Trinamool Congress,5567
Bolangir,SANGEETA KUMARI SINGH DEO,Bharatiya Janata Party,SURENDRA SINGH BHOI,Biju Janata Dal,132664
Bolpur,ASIT KUMAR MAL,All India Trinamool Congress,PIYA SAHA,Bharatiya Janata Party,327253
Bulandshahr,DR BHOLA SINGH,Bharatiya Janata Party,SHIVRAM,Indian National Congress,275134
Buldhana,JADHAV PRATAPRAO GANPATRAO,Shiv Sena,NARENDRA DAGDU KHEDEKAR,Shiv Sena (Uddhav Balasaheb Thackrey),29479
Buxar,SUDHAKAR SINGH,Rashtriya Janata Dal,MITHILESH TIWARI,Bharatiya Janata Party,30091
CHENNAI CENTRAL,DAYANIDHI MARAN,Dravida Munnetra Kazhagam,VINOJ,Bharatiya Janata Party,244689
CHENNAI NORTH,DR.KALANIDHI VEERASWAMY,Dravida Munnetra Kazhagam,R. MANOHAR,All India Anna Dravida Munnetra Kazhagam,339222
CHENNAI SOUTH,T.SUMATHY (ALIAS) THAMIZHACHI THANGAPANDIAN,Dravida Munnetra Kazhagam,DR.TAMILISAI SOUNDARARAJAN,Bharatiya Janata Party,225945
CHHINDWARA,BUNTY VIVEK SAHU,Bharatiya Janata Party,NAKUL KAMALNATH,Indian National Congress,113618
CHIDAMBARAM,THIRUMAAVALAVAN THOL,Viduthalai Chiruthaigal Katch,CHANDRAHASAN M,All India Anna Dravida Munnetra Kazhagam,103554
CHITTORGARH,CHANDRA PRAKASH JOSHI,Bharatiya Janata Party,ANJANA UDAILAL,Indian National Congress,389877
CHURU,RAHUL KASWAN,Indian National Congress,DEVENDRA JHAJHARIA,Bharatiya Janata Party,72737
COIMBATORE,GANAPATHY RAJKUMAR P,Dravida Munnetra Kazhagam,ANNAMALAI K,Bharatiya Janata Party,118068
CUDDALORE,M.K. VISHNUPRASAD,Indian National Congress,P. SIVAKOZHUNDU,Desiya Murpokku Dravida Kazhagam,185896
Chalakudy,BENNY BEHANAN,Indian National Congress,PROF C RAVEENDRANATH,Communist Party of India (Marxist),63754
Chamarajanagar,SUNIL BOSE,Indian National Congress,BALARAJ.S,Bharatiya Janata Party,188706
Chandauli,BIRENDRA SINGH,Samajwadi Party,DR. MAHENDRA NATH PANDEY,Bharatiya Janata Party,21565
Chandigarh,MANISH TEWARI,Indian National Congress,SANJAY TANDON,Bharatiya Janata Party,2504
Chandni Chowk,PRAVEEN KHANDELWAL,Bharatiya Janata Party,JAI PRAKASH AGARWAL,Indian National Congress,89325
Chandrapur,DHANORKAR PRATIBHA SURESH ALIAS BALUBHAU,Indian National Congress,MUNGANTIWAR SUDHIR SACCHIDANAND,Bharatiya Janata Party,260406
Chatra,KALI CHARAN SINGH,Bharatiya Janata Party,KRISHNA NAND TRIPATHI,Indian National Congress,220959
Chevella,KONDA VISHWESHWAR REDDY,Bharatiya Janata Party,DR GADDAM RANJITH REDDY,Indian National Congress,172897
Chhota Udaipur,JASHUBHAI BHILUBHAI RATHVA,Bharatiya Janata Party,SUKHRAMBHAI HARIYABHAI RATHWA,Indian National Congress,398777
Chikkballapur,DR.K.SUDHAKAR,Bharatiya Janata Party,M.S. RAKSHA RAMAIAH,Indian National Congress,163460
Chikkodi,PRIYANKA SATISH JARKIHOLI,Indian National Congress,ANNASAHEB SHANKAR JOLLE,Bharatiya Janata Party,90834
Chitradurga,GOVIND MAKTHAPPA KARJOL,Bharatiya Janata Party,B.N.CHANDRAPPA,Indian National Congress,48121
Chittoor(SC),DAGGUMALLA PRASADA RAO,Telugu Desam,REDDEPPA.N .,Yuvajana Sramika Rythu Congress Party,220479
Coochbehar,JAGADISH CHANDRA BARMA BASUNIA,All India Trinamool Congress,NISITH PRAMANIK,Bharatiya Janata Party,39250
Cuttack,BHARTRUHARI MAHTAB,Bharatiya Janata Party,SANTRUPT MISRA,Biju Janata Dal,57077
DAMOH,RAHUL SINGH LODHI,Bharatiya Janata Party,TARBAR SINGH LODHI (BANTU BHAIYA),Indian National Congress,406426
DAUSA,MURARI LAL MEENA,Indian National Congress,KANHAIYA LAL MEENA,Bharatiya Janata Party,237340
DEWAS,MAHENDRA SINGH SOLANKY,Bharatiya Janata Party,RAJENDRA RADHAKISHAN MALVIYA,Indian National Congress,425225
DHAR,SAVITRI THAKUR,Bharatiya Janata Party,RADHESHYAM MUVEL,Indian National Congress,218665
DHARMAPURI,MANI. A.,Dravida Munnetra Kazhagam,SOWMIYA ANBUMANI,Pattali Makkal Katch,21300
DINDIGUL,SACHITHANANTHAM R,Communist Party of India (Marxist),MOHAMED MUBARAK M A,All India Anna Dravida Munnetra Kazhagam,443821
DURG,VIJAY BAGHEL,Bharatiya Janata Party,RAJENDRA SAHU,Indian National Congress,438226
Dadar & Nagar Haveli,DELKAR KALABEN MOHANBHAI,Bharatiya Janata Party,AJIT RAMJIBHAI MAHALA,Indian National Congress,57584
Dahod,JASWANTSINH SUMANBHAI BHABHOR,Bharatiya Janata Party,DR. PRABHABEN KISHORSINH TAVIYAD,Indian National Congress,333677
Dakshina Kannada,CAPTAIN BRIJESH CHOWTA,Bharatiya Janata Party,PADMARAJ.R.POOJARY,Indian National Congress,149208
Daman & Diu,PATEL UMESHBHAI BABUBHAI,Independent,LALUBHAI BABUBHAI PATEL,Bharatiya Janata Party,6225
Darbhanga,GOPAL JEE THAKUR,Bharatiya Janata Party,LALIT KUMAR YADAV,Rashtriya Janata Dal,178156
Darjeeling,RAJU BISTA,Bharatiya Janata Party,GOPAL LAMA,All India Trinamool Congress,178525
Darrang-Udalguri,DILIP SAIKIA,Bharatiya Janata Party,MADHAB RAJBANGSHI,Indian National Congress,329012
Davanagere,DR. PRABHA MALLIKARJUN,Indian National Congress,GAYITHRI SIDDESHWARA,Bharatiya Janata Party,26094
Deoria,SHASHANK MANI,Bharatiya Janata Party,AKHILESH PRATAP SINGH,Indian National Congress,34842
Dhanbad,DULU MAHATO,Bharatiya Janata Party,ANUPAMA SINGH,Indian National Congress,331583
Dharwad,PRALHAD JOSHI,Bharatiya Janata Party,VINOD ASOOTI,Indian National Congress,97324
Dhaurahra,ANAND BHADAURIYA,Samajwadi Party,REKHA VERMA,Bharatiya Janata Party,4449
Dhenkanal,RUDRA NARAYAN PANY,Bharatiya Janata Party,ABINASH SAMAL,Biju Janata Dal,76567
Dhubri,RAKIBUL HUSSAIN,Indian National Congress,MOHAMMED BADRUDDIN AJMAL,All India United Democratic Front,1012476
Dhule,BACHHAV SHOBHA DINESH,Indian National Congress,BHAMRE SUBHASH RAMRAO,Bharatiya Janata Party,3831
Diamond harbour,ABHISHEK BANERJEE,All India Trinamool Congress,ABHIJIT DAS (BOBBY),Bharatiya Janata Party,710930
Dibrugarh,SARBANANDA SONOWAL,Bharatiya Janata Party,LURINJYOTI GOGOI,Assam Jatiya Parishad,279321
Dindori,BHASKAR MURLIDHAR BHAGARE,Nationalist Congress Party – Sharadchandra Pawar,DR. BHARATI PRAVIN PAWAR,Bharatiya Janata Party,113199
Diphu,AMARSING TISSO,Bharatiya Janata Party,J. I. KATHAR,Independent,147603
Domariyaganj,JAGDAMBIKA PAL,Bharatiya Janata Party,BHISHMA SHANKAR ALIAS KUSHAL TIWARI,Samajwadi Party,42728
Dum dum,SOUGATA RAY,All India Trinamool Congress,SILBHADRA DATTA,Bharatiya Janata Party,70660
Dumka,NALIN SOREN,Jharkhand Mukti Morcha,SITA MURMU,Bharatiya Janata Party,22527
ERODE,K E PRAKASH,Dravida Munnetra Kazhagam,ASHOK KUMAR,All India Anna Dravida Munnetra Kazhagam,236566
East Delhi,HARSH MALHOTRA,Bharatiya Janata Party,KULDEEP KUMAR (MONU),Aam Aadmi Party,93663
Eluru,PUTTA MAHESH KUMAR,Telugu Desam,KARUMURI SUNIL KUMAR,Yuvajana Sramika Rythu Congress Party,181857
Ernakulam,HIBI EDEN,Indian National Congress,K. J. SHINE TEACHER,Communist Party of India (Marxist),250385
Etah,DEVESH SHAKYA,Samajwadi Party,RAJVEER SINGH (RAJU BHAIYA),Bharatiya Janata Party,28052
Etawah,JITENDRA KUMAR DOHARE,Samajwadi Party,DR RAM SHANKAR KATHERIA,Bharatiya Janata Party,58419
FARIDABAD,KRISHAN PAL,Bharatiya Janata Party,MAHENDER PRATAP SINGH,Indian National Congress,172914
Faizabad,AWADHESH PRASAD,Samajwadi Party,LALLU SINGH,Bharatiya Janata Party,54567
Faridkot,SARABJEET SINGH KHALSA,Independent,KARAMJIT SINGH ANMOL,Aam Aadmi Party,70053
Farrukhabad,MUKESH RAJPUT,Bharatiya Janata Party,DR. NAVAL KISHOR SHAKYA,Samajwadi Party,2678
Fatehgarh Sahib,AMAR SINGH,Indian National Congress,GURPREET SINGH GP,Aam Aadmi Party,34202
Fatehpur,NARESH CHANDRA UTTAM PATEL,Samajwadi Party,NIRANJAN JYOTI,Bharatiya Janata Party,33199
Fatehpur Sikri,RAJKUMAR CHAHAR,Bharatiya Janata Party,RAMNATH SINGH SIKARWAR,Indian National Congress,43405
Firozabad,AKSHAYA YADAV,Samajwadi Party,VISHWADEEP SINGH,Bharatiya Janata Party,89312
Firozpur,SHER SINGH GHUBAYA,Indian National Congress,JAGDEEP SINGH KAKA BRAR,Aam Aadmi Party,3242
GANGANAGAR,KULDEEP INDORA,Indian National Congress,PRIYANKA BALAN MEGHWAL,Bharatiya Janata Party,88153
GUNA,JYOTIRADITYA M. SCINDIA,Bharatiya Janata Party,YADVENDRA RAO DESHRAJ SINGH,Indian National Congress,540929
GURGAON,RAO INDERJIT SINGH,Bharatiya Janata Party,RAJ BABBAR,Indian National Congress,75079
GWALIOR,BHARAT SINGH KUSHWAH,Bharatiya Janata Party,PRAVEEN PATHAK,Indian National Congress,70210
Gadchiroli - Chimur,DR. KIRSAN NAMDEO,Indian National Congress,ASHOK MAHADEORAO NETE,Bharatiya Janata Party,141696
Gandhinagar,AMIT SHAH,Bharatiya Janata Party,SONAL RAMANBHAI PATEL,Indian National Congress,744716
Garhwal,ANIL BALUNI,Bharatiya Janata Party,GANESH GODIYAL,Indian National Congress,163503
Gautam Buddha Nagar,DR. MAHESH SHARMA,Bharatiya Janata Party,DR. MAHENDRA SINGH NAGAR,Samajwadi Party,559472
Gaya,JITAN RAM MANJHI,Hindustani Awam Morcha (Secular),KUMAR SARVJEET,Rashtriya Janata Dal,101812
Ghatal,ADHIKARI DEEPAK (DEV),All India Trinamool Congress,DR. HIRANMOY CHATTOPADHYAYA,Bharatiya Janata Party,182868
Ghaziabad,ATUL GARG,Bharatiya Janata Party,DOLLY SHARMA,Indian National Congress,336965
Ghazipur,AFZAL ANSARI,Samajwadi Party,PARS NATH RAI,Bharatiya Janata Party,124861
Ghosi,RAJEEV RAI,Samajwadi Party,DR. ARVIND RAJBHAR,Suheldev Bharatiya Samaj Party,162943
Giridih,CHANDRA PRAKASH CHOUDHARY,AJSU Party,MATHURA PRASAD MAHATO,Jharkhand Mukti Morcha,80880
Godda,NISHIKANT DUBEY,Bharatiya Janata Party,PRADEEP YADAV,Indian National Congress,101813
Gonda,KIRTIVARDHAN SINGH,Bharatiya Janata Party,SHREYA VERMA,Samajwadi Party,46224
Gopalganj,DR. ALOK KUMAR SUMAN,Janata Dal (United),PREM NATH CHANCHAL ALIAS CHANCHAL PASWAN,Vikassheel Insaan Party,127180
Gorakhpur,RAVINDRA SHUKLA ALIAS RAVI KISHAN,Bharatiya Janata Party,KAJAL NISHAD,Samajwadi Party,103526
Gulbarga,RADHAKRISHNA,Indian National Congress,DR. UMESH G JADHAV,Bharatiya Janata Party,27205
Guntur,DR CHANDRA SEKHAR PEMMASANI,Telugu Desam,KILARI VENKATA ROSAIAH,Yuvajana Sramika Rythu Congress Party,344695
Gurdaspur,SUKHJINDER SINGH RANDHAWA,Indian National Congress,DINESH SINGH BABBU,Bharatiya Janata Party,82861
Guwahati,BIJULI KALITA MEDHI,Bharatiya Janata Party,MIRA BORTHAKUR GOSWAMI,Indian National Congress,251090
HAMIRPUR,ANURAG SINGH THAKUR,Bharatiya Janata Party,SATPAL RAIZADA,Indian National Congress,182357
HISAR,JAI PARKASH (J P) S/O HARIKESH,Indian National Congress,RANJIT SINGH,Bharatiya Janata Party,63381
HOSHANGABAD,DARSHAN SINGH CHOUDHARY,Bharatiya Janata Party,SANJAY SHARMA SANJU BHAIYA,Indian National Congress,431696
Hajipur,CHIRAG PASWAN,Lok Janshakti Party(Ram Vilas),SHIV CHANDRA RAM,Rashtriya Janata Dal,170105
Hamirpur,AJENDRA SINGH LODHI,Samajwadi Party,KUNWAR PUSHPENDRA SINGH CHANDEL,Bharatiya Janata Party,2629
Hardoi,JAI PRAKASH,Bharatiya Janata Party,USHA VERMA,Samajwadi Party,27856
Haridwar,TRIVENDRA SINGH RAWAT,Bharatiya Janata Party,VIRENDRA RAWAT,Indian National Congress,164056
Hassan,SHREYAS. M. PATEL,Indian National Congress,PRAJWAL REVANNA,Janata Dal (Secular),42649
Hathras,ANOOP PRADHAN BALMIKI,Bharatiya Janata Party,JASVEER VALMIKI,Samajwadi Party,247318
Hatkanangale,DHAIRYASHEEL SAMBHAJIRAO MANE,Shiv Sena,SATYAJEET BABASAHEB PATIL (AABA) SARUDKAR,Shiv Sena (Uddhav Balasaheb Thackrey),13426
Haveri,BASAVARAJ BOMMAI,Bharatiya Janata Party,ANANDSWAMY GADDADEVARMATH,Indian National Congress,43513
Hazaribagh,MANISH JAISWAL,Bharatiya Janata Party,JAI PRAKASH BHAI PATEL,Indian National Congress,276686
Hindupur,B K PARTHASARATHI,Telugu Desam,J SHANTHA,Yuvajana Sramika Rythu Congress Party,132427
Hingoli,AASHTIKAR PATIL NAGESH BAPURAO,Shiv Sena (Uddhav Balasaheb Thackrey),BABURAO KADAM KOHALIKAR,Shiv Sena,108602
Hooghly,RACHNA BANERJEE,All India Trinamool Congress,LOCKET CHATTERJEE,Bharatiya Janata Party,76853
Hoshiarpur,DR. RAJ KUMAR CHABBEWAL,Aam Aadmi Party,YAMINI GOMAR,Indian National Congress,44111
Howrah,PRASUN BANERJEE,All India Trinamool Congress,DR RATHIN CHAKRAVARTY,Bharatiya Janata Party,169442
Hyderabad,ASADUDDIN OWAISI,All India Majlis-E-Ittehadul Muslimeen,MADHAVI LATHA KOMPELLA,Bharatiya Janata Party,338087
INDORE,SHANKAR LALWANI,Bharatiya Janata Party,SANJAY S/O LAKSHMAN SOLANKI,Bahujan Samaj Party,1175092
Idukki,ADV. DEAN KURIAKOSE,Indian National Congress,ADV. JOICE GEORGE,Communist Party of India (Marxist),133727
Inner Manipur,ANGOMCHA BIMOL AKOIJAM,Indian National Congress,THOUNAOJAM BASANTA KUMAR SINGH,Bharatiya Janata Party,109801
JABALPUR,ASHISH DUBEY,Bharatiya Janata Party,DINESH YADAV,Indian National Congress,486674
JAIPUR,MANJU SHARMA,Bharatiya Janata Party,PRATAP SINGH KHACHARIYAWAS,Indian National Congress,331767
JAIPUR RURAL,RAO RAJENDRA SINGH,Bharatiya Janata Party,ANIL CHOPRA,Indian National Congress,1615
JALORE,LUMBARAM,Bharatiya Janata Party,VAIBHAV GEHLOT,Indian National Congress,201543
JAMMU,JUGAL KISHORE,Bharatiya Janata Party,RAMAN BHALLA,Indian National Congress,135498
JANJGIR-CHAMPA,KAMLESH JANGDE,Bharatiya Janata Party,DR. SHIVKUMAR DAHARIYA,Indian National Congress,60000
JHALAWAR-BARAN,DUSHYANT SINGH,Bharatiya Janata Party,URMILA JAIN “BHAYA”,Indian National Congress,370989
JHUNJHUNU,BRIJENDRA SINGH OLA,Indian National Congress,SHUBHKARAN CHOUDHARY,Bharatiya Janata Party,18235
JODHPUR,GAJENDRA SINGH SHEKHAWAT,Bharatiya Janata Party,KARAN SINGH UCHIYARDA,Indian National Congress,115677
Jadavpur,SAYANI GHOSH,All India Trinamool Congress,DR. ANIRBAN GANGULY,Bharatiya Janata Party,258201
Jagatsinghpur,BIBHU PRASAD TARAI,Bharatiya Janata Party,DR. RAJASHREE MALLICK,Biju Janata Dal,40696
Jahanabad,SURENDRA PRASAD YADAV,Rashtriya Janata Dal,CHANDESHWAR PRASAD,Janata Dal (United),142591
Jajpur,RABINDRA NARAYAN BEHERA,Bharatiya Janata Party,SARMISTHA SETHI,Biju Janata Dal,1587
Jalandhar,CHARANJIT SINGH CHANNI,Indian National Congress,SUSHIL KUMAR RINKU,Bharatiya Janata Party,175993
Jalaun,NARAYAN DAS AHIRWAR,Samajwadi Party,BHANU PRATAP SINGH VERMA,Bharatiya Janata Party,53898
Jalgaon,SMITA UDAY WAGH,Bharatiya Janata Party,KARAN BALASAHEB PATIL - PAWAR,Shiv Sena (Uddhav Balasaheb Thackrey),251594
Jalna,KALYAN VAIJINATHRAO KALE,Indian National Congress,DANVE RAOSAHEB DADARAO,Bharatiya Janata Party,109958
Jalpaiguri,DR JAYANTA KUMAR ROY,Bharatiya Janata Party,NIRMAL CHANDRA ROY,All India Trinamool Congress,86693
Jamnagar,POONAMBEN HEMATBHAI MAADAM,Bharatiya Janata Party,ADVOCATE J. P. MARAVIYA,Indian National Congress,238008
Jamshedpur,BIDYUT BARAN MAHATO,Bharatiya Janata Party,SAMIR KUMAR MOHANTY,Jharkhand Mukti Morcha,259782
Jamui,ARUN BHARTI,Lok Janshakti Party(Ram Vilas),ARCHANA KUMARI,Rashtriya Janata Dal,112482
Jangipur,KHALILUR RAHAMAN,All India Trinamool Congress,MURTOJA HOSSAIN BOKUL,Indian National Congress,116637
Jaunpur,BABU SINGH KUSHWAHA,Samajwadi Party,KRIPASHANKAR SINGH,Bharatiya Janata Party,99335
Jhanjharpur,RAMPRIT MANDAL,Janata Dal (United),SUMAN KUMAR MAHASETH,Vikassheel Insaan Party,184169
Jhansi,ANURAG SHARMA,Bharatiya Janata Party,"PRADEEP JAIN ""ADITYA""",Indian National Congress,102614
Jhargram,KALIPADA SAREN (KHERWAL),All India Trinamool Congress,DR. PRANAT TUDU,Bharatiya Janata Party,174048
Jorhat,GAURAV GOGOI,Indian National Congress,TOPON KUMAR GOGOI,Bharatiya Janata Party,144393
Joynagar,PRATIMA MONDAL,All India Trinamool Congress,ASHOK KANDARY,Bharatiya Janata Party,470219
Junagadh,CHUDASAMA RAJESHBHAI NARANBHAI,Bharatiya Janata Party,JOTVA HIRABHAI ARJANBHAI,Indian National Congress,135494
KALLAKURICHI,MALAIYARASAN D,Dravida Munnetra Kazhagam,KUMARAGURU R,All India Anna Dravida Munnetra Kazhagam,53784
KANCHEEPURAM,SELVAM. G,Dravida Munnetra Kazhagam,RAJASEKAR. E,All India Anna Dravida Munnetra Kazhagam,221473
KANGRA,DR RAJEEV BHARDWAJ,Bharatiya Janata Party,ANAND SHARMA,Indian National Congress,251895
KANKER,BHOJRAJ NAG,Bharatiya Janata Party,BIRESH THAKUR,Indian National Congress,1884
KANNIYAKUMARI,VIJAYAKUMAR (Alias) VIJAY VASANTH,Indian National Congress,RADHAKRISHNAN P,Bharatiya Janata Party,179907
KARAULI-DHOLPUR,BHAJAN LAL JATAV,Indian National Congress,INDU DEVI,Bharatiya Janata Party,98945
KARNAL,MANOHAR LAL,Bharatiya Janata Party,DIVYANSHU BUDHIRAJA,Indian National Congress,232577
KARUR,JOTHIMANI. S,Indian National Congress,THANGAVEL. L,All India Anna Dravida Munnetra Kazhagam,166816
KHAJURAHO,VISHNU DATT SHARMA (V.D.SHARMA),Bharatiya Janata Party,KAMLESH KUMAR,Bahujan Samaj Party,541229
KHANDWA,GYANESHWAR PATIL,Bharatiya Janata Party,NARENDRA PATEL,Indian National Congress,269971
KHARGONE,GAJENDRA SINGH PATEL,Bharatiya Janata Party,PORLAL BATHA KHARTE,Indian National Congress,135018
KORBA,JYOTSNA CHARANDAS MAHANT,Indian National Congress,SAROJ PANDEY,Bharatiya Janata Party,43283
KOTA,OM BIRLA,Bharatiya Janata Party,PRAHLAD GUNJAL,Indian National Congress,41974
KRISHNAGIRI,GOPINATH K,Indian National Congress,JAYAPRAKASH V,All India Anna Dravida Munnetra Kazhagam,192486
KURUKSHETRA,NAVEEN JINDAL,Bharatiya Janata Party,DR SUSHIL GUPTA,Aam Aadmi Party,29021
Kachchh,CHAVDA VINOD LAKHAMSHI,Bharatiya Janata Party,NITESH PARBATBHAI LALAN (MATANG),Indian National Congress,268782
Kadapa,Y. S. AVINASH REDDY,Yuvajana Sramika Rythu Congress Party,CHADIPIRALLA BHUPESH SUBBARAMI REDDY,Telugu Desam,62695
Kairana,IQRA CHOUDHARY,Samajwadi Party,PRADEEP KUMAR,Bharatiya Janata Party,69116
Kaiserganj,KARAN BHUSHAN SINGH,Bharatiya Janata Party,BHAGAT RAM,Samajwadi Party,148843
Kakinada,TANGELLA UDAY SRINIVAS (TEA TIME UDAY),Janasena Party,CHALAMALASETTY SUNIL,Yuvajana Sramika Rythu Congress Party,229491
Kalahandi,MALVIKA DEVI,Bharatiya Janata Party,LAMBODAR NIAL,Biju Janata Dal,133813
Kalyan,DR SHRIKANT EKNATH SHINDE,Shiv Sena,VAISHALI DAREKAR - RANE,Shiv Sena (Uddhav Balasaheb Thackrey),209144
Kandhamal,SUKANTA KUMAR PANIGRAHI,Bharatiya Janata Party,ACHYUTANANDA SAMANTA,Biju Janata Dal,21371
Kannauj,AKHILESH YADAV,Samajwadi Party,SUBRAT PATHAK,Bharatiya Janata Party,170922
Kannur,K. SUDHAKARAN,Indian National Congress,M.V. JAYARAJAN,Communist Party of India (Marxist),108982
Kanpur,RAMESH AWASTHI,Bharatiya Janata Party,ALOK MISRA,Indian National Congress,20968
Kanthi,ADHIKARI SOUMENDU,Bharatiya Janata Party,UTTAM BARIK SON OF LATE BIRENDRA BARIK,All India Trinamool Congress,47764
Karakat,RAJA RAM SINGH,Communist Party of India (Marxist-Leninist) (Liberation),PAWAN SINGH,Independent,105858
Karimganj,KRIPANATH MALLAH,Bharatiya Janata Party,HAFIZ RASHID AHMED CHOUDHURY,Indian National Congress,18360
Karimnagar,BANDI SANJAY KUMAR,Bharatiya Janata Party,VELCHALA RAJENDER RAO,Indian National Congress,225209
Kasaragod,RAJMOHAN UNNITHAN,Indian National Congress,M.V BALAKRISHNAN MASTER,Communist Party of India (Marxist),100649
Katihar,TARIQ ANWAR,Indian National Congress,DULAL CHANDRA GOSWAMI,Janata Dal (United),49863
Kaushambi,PUSHPENDRA SAROJ,Samajwadi Party,VINOD KUMAR SONKAR,Bharatiya Janata Party,103944
Kaziranga,KAMAKHYA PRASAD TASA,Bharatiya Janata Party,ROSELINA TIRKEY,Indian National Congress,248947
Kendrapara,BAIJAYANT PANDA,Bharatiya Janata Party,ANSHUMAN MOHANTY,Biju Janata Dal,66536
Keonjhar,ANANTA NAYAK,Bharatiya Janata Party,DHANURJAYA SIDU,Biju Janata Dal,97042
Khadoor Sahib,AMRITPAL SINGH,Independent,KULBIR SINGH ZIRA,Indian National Congress,197120
Khagaria,RAJESH VERMA,Lok Janshakti Party(Ram Vilas),SANJAY KUMAR,Communist Party of India (Marxist),161131
Khammam,RAMASAHAYAM RAGHURAM REDDY,Indian National Congress,NAMA NAGESWARA RAO,Bharat Rashtra Samith,467847
Kheda,DEVUSINH CHAUHAN,Bharatiya Janata Party,KALUSINH DABHI,Indian National Congress,357758
Kheri,UTKARSH VERMA 'MADHUR',Samajwadi Party,AJAY KUMAR,Bharatiya Janata Party,34329
Khunti,KALI CHARAN MUNDA,Indian National Congress,ARJUN MUNDA,Bharatiya Janata Party,149675
Kishanganj,MOHAMMAD JAWED,Indian National Congress,MUJAHID ALAM,Janata Dal (United),59692
Kodarma,ANNPURNA DEVI,Bharatiya Janata Party,VINOD KUMAR SINGH,Communist Party of India (Marxist-Leninist) (Liberation),377014
Kokrajhar,JOYANTA BASUMATARY,"United People’s Party, Liberal",KAMPA BORGOYARI,Bodoland Peoples Front,51583
Kolar,M. MALLESH BABU,Janata Dal (Secular),K V GOWTHAM,Indian National Congress,71388
Kolhapur,CHHATRAPATI SHAHU SHAHAJI,Indian National Congress,SANJAY SADASHIVRAO MANDLIK,Shiv Sena,154964
Kolkata Dakshin,MALA ROY,All India Trinamool Congress,DEBASREE CHAUDHURI,Bharatiya Janata Party,187231
Kolkata Uttar,BANDYOPADHYAY SUDIP,All India Trinamool Congress,TAPAS ROY,Bharatiya Janata Party,92560
Kollam,N K PREMACHANDRAN,Revolutionary Socialist Party,M MUKESH,Communist Party of India (Marxist),150302
Koppal,K. RAJASHEKAR BASAVARAJ HITNAL,Indian National Congress,DR . BASAVARAJ. K. SHARANAPPA,Bharatiya Janata Party,46357
Koraput,SAPTAGIRI SANKAR ULAKA,Indian National Congress,KAUSALYA HIKAKA,Biju Janata Dal,147744
Kottayam,ADV K FRANCIS GEORGE,Kerala Congress,THOMAS CHAZHIKADAN,Kerala Congress (M),87266
Kozhikode,M. K. RAGHAVAN,Indian National Congress,ELAMARAM KAREEM,Communist Party of India (Marxist),146176
Krishnanagar,MAHUA MOITRA,All India Trinamool Congress,AMRITA ROY,Bharatiya Janata Party,56705
Kurnoolu,BASTIPATI NAGARAJU PANCHALINGALA,Telugu Desam,B Y RAMAIAH,Yuvajana Sramika Rythu Congress Party,111298
Kushi Nagar,VIJAY KUMAR DUBAY,Bharatiya Janata Party,AJAY PRATAP SINGH URF PINTU SAITHWAR,Samajwadi Party,81790
Ladakh,MOHMAD HANEEFA,Independent,TSERING NAMGYAL,Indian National Congress,27862
Lakhimpur,PRADAN BARUAH,Bharatiya Janata Party,UDAY SHANKAR HAZARIKA,Indian National Congress,201257
Lakshadweep,MUHAMMED HAMDULLAH SAYEED,Indian National Congress,MOHAMMED FAIZAL PP,Nationalist Congress Party – Sharadchandra Pawar,2647
Lalganj,DAROGA PRASAD SAROJ,Samajwadi Party,NEELAM SONKER,Bharatiya Janata Party,115023
Latur,DR. KALGE SHIVAJI BANDAPPA,Indian National Congress,SUDHAKAR TUKARAM SHRANGARE,Bharatiya Janata Party,61881
Lohardaga,SUKHDEO BHAGAT,Indian National Congress,SAMIR ORAON,Bharatiya Janata Party,139138
Lucknow,RAJ NATH SINGH,Bharatiya Janata Party,RAVIDAS MEHROTRA,Samajwadi Party,135159
Ludhiana,AMRINDER SINGH RAJA WARRING,Indian National Congress,RAVNEET SINGH BITTU,Bharatiya Janata Party,20942
MADURAI,VENKATESAN S,Communist Party of India (Marxist),RAAMA SREENIVASAN,Bharatiya Janata Party,209409
MAHASAMUND,ROOP KUMARI CHOUDHARY,Bharatiya Janata Party,TAMRADHWAJ SAHU,Indian National Congress,145456
MANDI,KANGNA RANAUT,Bharatiya Janata Party,VIKRAMADITYA SINGH,Indian National Congress,74755
MANDLA,FAGGAN SINGH KULASTE,Bharatiya Janata Party,OMKAR SINGH MARKAM,Indian National Congress,103846
MANDSOUR,SUDHEER GUPTA,Bharatiya Janata Party,DILIP SINGH GURJAR,Indian National Congress,500655
MAYILADUTHURAI,SUDHA R,Indian National Congress,BABU P,All India Anna Dravida Munnetra Kazhagam,271183
MIZORAM,RICHARD VANLALHMANGAIHA,Zoram People’s Movement,K VANLALVENA,Mizo National Front,68288
MORENA,SHIVMANGAL SINGH TOMAR,Bharatiya Janata Party,NEETU SATYAPAL SINGH SIKARWAR,Indian National Congress,52530
Machhlishahr,PRIYA SAROJ,Samajwadi Party,BHOLANATH (B.P. SAROJ),Bharatiya Janata Party,35850
Machilipatnam,BALASHOWRY VALLABHANENI,Janasena Party,SIMHADRI CHANDRA SEKHAR RAO,Yuvajana Sramika Rythu Congress Party,223179
Madha,MOHITE-PATIL DHAIRYASHEEL RAJSINH,Nationalist Congress Party – Sharadchandra Pawar,RANJEETSINGH HINDURAO NAIK NIMBALKAR,Bharatiya Janata Party,120837
Madhepura,DINESH CHANDRA YADAV,Janata Dal (United),DA KUMAR CHANDRADEEP,Rashtriya Janata Dal,174534
Madhubani,ASHOK KUMAR YADAV,Bharatiya Janata Party,MD ALI ASHRAF FATMI,Rashtriya Janata Dal,151945
Mahabubabad,BALRAM NAIK PORIKA,Indian National Congress,KAVITHA MALOTH,Bharat Rashtra Samith,349165
Maharajganj,PANKAJ CHAUDHARY,Bharatiya Janata Party,VIRENDRA CHAUDHARY,Indian National Congress,35451
Maharajganj,"JANARDAN SINGH ""SIGRIWAL""",Bharatiya Janata Party,AAKASH KUMAR SINGH,Indian National Congress,102651
Mahbubnagar,ARUNA. D. K,Bharatiya Janata Party,CHALLA VAMSHI CHAND REDDY,Indian National Congress,4500
Mahesana,HARIBHAI PATEL,Bharatiya Janata Party,RAMJI THAKOR,Indian National Congress,328046
Mainpuri,DIMPLE YADAV,Samajwadi Party,JAYVEER SINGH,Bharatiya Janata Party,221639
Malappuram,E.T. MOHAMMED BASHEER,Indian Union Muslim League,V. VASEEF,Communist Party of India (Marxist),300118
Maldaha Dakshin,ISHA KHAN CHOUDHURY,Indian National Congress,SREERUPA MITRA CHAUDHURY (NIRBHAYA DIDI),Bharatiya Janata Party,128368
Maldaha Uttar,KHAGEN MURMU,Bharatiya Janata Party,PRASUN BANERJEE,All India Trinamool Congress,77708
Malkajgiri,EATALA RAJENDER,Bharatiya Janata Party,PATNAM SUNEETHA MAHENDER REDDY,Indian National Congress,391475
Mandya,H.D. KUMARASWAMY,Janata Dal (Secular),VENKATARAMANE GOWDA (STAR CHANDRU),Indian National Congress,284620
Mathura,HEMAMALINI DHARMENDRA DEOL,Bharatiya Janata Party,MUKESH DHANGAR,Indian National Congress,293407
Mathurapur,BAPI HALDAR,All India Trinamool Congress,ASHOK PURKAIT,Bharatiya Janata Party,201057
Maval,SHRIRANG APPA CHANDU BARNE,Shiv Sena,SANJOG BHIKU WAGHERE PATIL,Shiv Sena (Uddhav Balasaheb Thackrey),96615
Mavelikkara,KODIKUNNIL SURESH,Indian National Congress,ADV ARUN KUMAR C A,Communist Party of India,10868
Mayurbhanj,NABA CHARAN MAJHI,Bharatiya Janata Party,SUDAM MARNDI,Biju Janata Dal,219334
Medak,MADHAVANENI RAGHUNANDAN RAO,Bharatiya Janata Party,NEELAM MADHU,Indian National Congress,39139
Medinipur,JUNE MALIAH,All India Trinamool Congress,AGNIMITRA PAUL,Bharatiya Janata Party,27191
Meerut,ARUN GOVIL,Bharatiya Janata Party,SUNITA VERMA,Samajwadi Party,10585
Mirzapur,ANUPRIYA PATEL,Apna Dal (Soneylal),RAMESH CHAND BIND,Samajwadi Party,37810
Misrikh,ASHOK KUMAR RAWAT,Bharatiya Janata Party,SANGITA RAJVANSHI,Samajwadi Party,33406
Mohanlalganj,R.K. CHAUDHARY,Samajwadi Party,KAUSHAL KISHORE,Bharatiya Janata Party,70292
Moradabad,RUCHI VIRA,Samajwadi Party,KUNWAR SARVESH KUMAR,Bharatiya Janata Party,105762
Mumbai North,PIYUSH GOYAL,Bharatiya Janata Party,BHUSHAN PATIL,Indian National Congress,357608
Mumbai North Central,GAIKWAD VARSHA EKNATH,Indian National Congress,ADV UJWAL NIKAM,Bharatiya Janata Party,16514
Mumbai North East,SANJAY DINA PATIL,Shiv Sena (Uddhav Balasaheb Thackrey),MIHIR CHANDRAKANT KOTECHA,Bharatiya Janata Party,29861
Mumbai North West,RAVINDRA DATTARAM WAIKAR,Shiv Sena,AMOL GAJANAN KIRTIKAR,Shiv Sena (Uddhav Balasaheb Thackrey),48
Mumbai South,ARVIND GANPAT SAWANT,Shiv Sena (Uddhav Balasaheb Thackrey),YAMINI YASHWANT JADHAV,Shiv Sena,52673
Mumbai South Central,ANIL YESHWANT DESAI,Shiv Sena (Uddhav Balasaheb Thackrey),RAHUL RAMESH SHEWALE,Shiv Sena,53384
Munger,RAJIV RANJAN SINGH ALIAS LALAN SINGH,Janata Dal (United),KUMARI ANITA,Rashtriya Janata Dal,80870
Murshidabad,ABU TAHER KHAN,All India Trinamool Congress,MD SALIM,Communist Party of India (Marxist),164215
Muzaffarnagar,HARENDRA SINGH MALIK,Samajwadi Party,SANJEEV KUMAR BALYAN,Bharatiya Janata Party,24672
Muzaffarpur,RAJ BHUSHAN CHOUDHARY,Bharatiya Janata Party,AJAY NISHAD,Indian National Congress,234927
Mysore,YADUVEER KRISHNADATTA CHAMARAJA WADIYAR,Bharatiya Janata Party,M. LAKSHMANA,Indian National Congress,139262
NAGAPATTINAM,SELVARAJ V,Communist Party of India,DR SURSITH SANKAR G,All India Anna Dravida Munnetra Kazhagam,208957
NAGAUR,HANUMAN BENIWAL,Rashtriya Loktantrik Party,JYOTI MIRDHA,Bharatiya Janata Party,42225
NAMAKKAL,MATHESWARAN V S,Dravida Munnetra Kazhagam,TAMILMANI S,All India Anna Dravida Munnetra Kazhagam,29112
NILGIRIS,RAJA A,Dravida Munnetra Kazhagam,DR MURUGAN L,Bharatiya Janata Party,240585
Nabarangpur,BALABHADRA MAJHI,Bharatiya Janata Party,PRADEEP KUMAR MAJHI,Biju Janata Dal,87536
Nagaland,S SUPONGMEREN JAMIR,Indian National Congress,DR CHUMBEN MURRY,Nationalist Democratic Progressive Party,50984
Nagaon,PRADYUT BORDOLOI,Indian National Congress,SURESH BORAH,Bharatiya Janata Party,212231
Nagarkurnool,DR.MALLU RAVI,Indian National Congress,BHARATH PRASAD POTHUGANTI,Bharatiya Janata Party,94414
Nagina,CHANDRASHEKHAR,Aazad Samaj Party (Kanshi Ram),OM KUMAR,Bharatiya Janata Party,151473
Nagpur,NITIN JAIRAM GADKARI,Bharatiya Janata Party,VIKAS THAKRE,Indian National Congress,137603
Nainital-Udhamsingh Nagar,AJAY BHATT,Bharatiya Janata Party,PRAKASH JOSHI,Indian National Congress,334548
Nalanda,KAUSHALENDRA KUMAR,Janata Dal (United),DR. SANDEEP SAURAV,Communist Party of India (Marxist-Leninist) (Liberation),169114
Nalgonda,KUNDURU RAGHUVEER,Indian National Congress,SAIDI REDDY SHANAMPUDI,Bharatiya Janata Party,559905
Nanded,CHAVAN VASANTRAO BALWANTRAO,Indian National Congress,CHIKHALIKAR PRATAPRAO GOVINDRAO,Bharatiya Janata Party,59442
Nandurbar,ADV GOWAAL KAGADA PADAVI,Indian National Congress,DR HEENA VIJAYKUMAR GAVIT,Bharatiya Janata Party,159120
Nandyal,DR BYREDDY SHABARI,Telugu Desam,POCHA BRAHMANANDA REDDY,Yuvajana Sramika Rythu Congress Party,111975
Narsapuram,BHUPATHI RAJU SRINIVASA VARMA (B.J.P.VARMA),Bharatiya Janata Party,UMABALA GUDURI,Yuvajana Sramika Rythu Congress Party,276802
Narsaraopet,LAVU SRIKRISHNA DEVARAYALU,Telugu Desam,ANIL KUMAR POLUBOINA,Yuvajana Sramika Rythu Congress Party,159729
Nashik,RAJABHAU (PARAG) PRAKASH WAJE,Shiv Sena (Uddhav Balasaheb Thackrey),GODSE HEMANT TUKARAM,Shiv Sena,162001
Navsari,C R PATIL,Bharatiya Janata Party,NAISHADHBHAI BHUPATBHAI DESAI,Indian National Congress,773551
Nawada,VIVEK THAKUR,Bharatiya Janata Party,SHRAWAN KUMAR,Rashtriya Janata Dal,67670
Nellore,PRABHAKAR REDDY VEMIREDDY,Telugu Desam,VENUMBAKA VIJAYASAI REDDY,Yuvajana Sramika Rythu Congress Party,245902
New Delhi,BANSURI SWARAJ,Bharatiya Janata Party,SOMNATH BHARTI,Aam Aadmi Party,78370
Nizamabad,ARVIND DHARMAPURI,Bharatiya Janata Party,JEEVANREDDY THATIPARTHI,Indian National Congress,109241
North Goa,SHRIPAD YESSO NAIK,Bharatiya Janata Party,RAMAKANT KHALAP,Indian National Congress,116015
North-East Delhi,MANOJ TIWARI,Bharatiya Janata Party,KANHAIYA KUMAR,Indian National Congress,138778
North-West Delhi,YOGENDER CHANDOLIYA,Bharatiya Janata Party,UDIT RAJ,Indian National Congress,290849
Ongole,MAGUNTA SREENIVASULU REDDY,Telugu Desam,DR CHEVIREDDY BHASKAR REDD,Yuvajana Sramika Rythu Congress Party,50199
Osmanabad,OMPRAKASH BHUPALSINH ALIAS PAVAN RAJENIMBALKAR,Shiv Sena (Uddhav Balasaheb Thackrey),ARCHANA RANAJAGJITSINH PATIL,Nationalist Congress Party,329846
Outer Manipur,ALFRED KANNGAM S ARTHUR,Indian National Congress,KACHUI TIMOTHY ZIMIK,Naga Peoples Front,85418
PALI,P. P. CHAUDHARY,Bharatiya Janata Party,SANGEETA BENIWAL,Indian National Congress,245351
PERAMBALUR,ARUN NEHRU,Dravida Munnetra Kazhagam,CHANDRAMOHAN N D,All India Anna Dravida Munnetra Kazhagam,389107
POLLACHI,ESWARASAMY K,Dravida Munnetra Kazhagam,KARTHIKEYAN A,All India Anna Dravida Munnetra Kazhagam,252042
PUDUCHERRY,VE VAITHILINGAM,Indian National Congress,A NAMASSIVAYAM,Bharatiya Janata Party,136516
Palakkad,V K SREEKANDAN,Indian National Congress,A VIJAYARAGHAVAN,Communist Party of India (Marxist),75283
Palamau,VISHNU DAYAL RAM,Bharatiya Janata Party,MAMTA BHUIYAN,Rashtriya Janata Dal,288807
Palghar,DR. HEMANT VISHNU SAVARA,Bharatiya Janata Party,BHARTI BHARAT KAMDI,Shiv Sena (Uddhav Balasaheb Thackrey),183306
Panchmahal,RAJPALSINH MAHENDRASINH JADAV,Bharatiya Janata Party,GULABSINH SOMSINH CHAUHAN,Indian National Congress,509342
Parbhani,JADHAV SANJAY ( BANDU ) HARIBHAU,Shiv Sena (Uddhav Balasaheb Thackrey),JANKAR MAHADEV JAGANNATH,Rashtriya Samaj Paksha,134061
Paschim Champaran,DR.SANJAY JAISWAL,Bharatiya Janata Party,MADAN MOHAN TIWARI,Indian National Congress,136568
Patan,DABHI BHARATSINHJI SHANKARJI,Bharatiya Janata Party,CHANDANJI TALAJI THAKOR,Indian National Congress,31876
Pathanamthitta,ANTO ANTONY,Indian National Congress,DR.T.M.THOMAS ISSAC,Communist Party of India (Marxist),66119
Patiala,DR DHARAMVIRA GANDHI,Indian National Congress,DR BALBIR SINGH,Aam Aadmi Party,14831
Patliputra,MISHA BHARTI,Rashtriya Janata Dal,RAM KRIPAL YADAV,Bharatiya Janata Party,85174
Patna Sahib,RAVI SHANKAR PRASAD,Bharatiya Janata Party,ANSHUL AVIJIT,Indian National Congress,153846
Peddapalle,VAMSI KRISHNA GADDAM,Indian National Congress,SRINIVAS GOMASE,Bharatiya Janata Party,131364
Phulpur,PRAVEEN PATEL,Bharatiya Janata Party,AMAR NATH SINGH MAURYA,Samajwadi Party,4332
Pilibhit,JITIN PRASADA,Bharatiya Janata Party,BHAGWAT SARAN GANGWAR,Samajwadi Party,164935
Ponnani,DR. M.P ABDUSSAMAD SAMADANI,Indian Union Muslim League,K.S HAMZA,Communist Party of India (Marxist),235760
Porbandar,DR. MANSUKH MANDAVIYA,Bharatiya Janata Party,LALIT VASOYA,Indian National Congress,383360
Pratapgarh,SHIV PAL SINGH PATEL (DR. S P SINGH),Samajwadi Party,SANGAM LAL GUPTA,Bharatiya Janata Party,66206
Pune,MURLIDHAR MOHOL,Bharatiya Janata Party,DHANGEKAR RAVINDRA HEMRAJ,Indian National Congress,123038
Puri,SAMBIT PATRA,Bharatiya Janata Party,ARUP MOHAN PATNAIK,Biju Janata Dal,104709
Purnia,RAJESH RANJAN ALIAS PAPPU YADAV,Independent,SANTOSH KUMAR,Janata Dal (United),23847
Purulia,JYOTIRMAY SINGH MAHATO,Bharatiya Janata Party,SHANTIRAM MAHATO,All India Trinamool Congress,17079
Purvi Champaran,RADHA MOHAN SINGH,Bharatiya Janata Party,DR RAJESH KUMAR,Vikassheel Insaan Party,88287
RAIGARH,RADHESHYAM RATHIYA,Bharatiya Janata Party,DR. MENKA DEVI SINGH,Indian National Congress,240391
RAIPUR,BRIJMOHAN AGRAWAL,Bharatiya Janata Party,VIKAS UPADHYAY,Indian National Congress,575285
RAJGARH,RODMAL NAGAR,Bharatiya Janata Party,DIGVIJAYA SINGH,Indian National Congress,146089
RAJNANDGAON,SANTOSH PANDEY,Bharatiya Janata Party,BHUPESH BAGHEL,Indian National Congress,44411
RAJSAMAND,MAHIMA KUMARI MEWAR,Bharatiya Janata Party,DR. DAMODAR GURJAR,Indian National Congress,392223
RAMANATHAPURAM,NAVASKANI K,Indian Union Muslim League,PANNEERSELVAM O S/O OTTAKARATHEVAR,Independent,166782
RATLAM,ANITA NAGARSINGH CHOUHAN,Bharatiya Janata Party,KANTILAL BHURIA,Indian National Congress,207232
REWA,JANARDAN MISHRA,Bharatiya Janata Party,NEELAM ABHAY MISHRA,Indian National Congress,193374
ROHTAK,DEEPENDER SINGH HOODA,Indian National Congress,DR. ARVIND KUMAR SHARMA,Bharatiya Janata Party,345298
Rae Bareli,RAHUL GANDHI,Indian National Congress,DINESH PRATAP SINGH,Bharatiya Janata Party,390030
Raichur,G. KUMAR NAIK.,Indian National Congress,RAJA AMARESHWARA NAIK.,Bharatiya Janata Party,79781
Raigad,TATKARE SUNIL DATTATREY,Nationalist Congress Party,ANANT GEETE,Shiv Sena (Uddhav Balasaheb Thackrey),82784
Raiganj,KARTICK CHANDRA PAUL,Bharatiya Janata Party,KALYANI KRISHNA,All India Trinamool Congress,68197
Rajahmundry,DAGGUBATI PURANDHESHWARI,Bharatiya Janata Party,DR. GUDURI SRINIVAS,Yuvajana Sramika Rythu Congress Party,239139
Rajampet,P V MIDHUN REDDY,Yuvajana Sramika Rythu Congress Party,NALLARI KIRAN KUMAR REDDY,Bharatiya Janata Party,76071
Rajkot,PARSHOTTAMBHAI RUPALA,Bharatiya Janata Party,DHANANI PARESH,Indian National Congress,484260
Rajmahal,VIJAY KUMAR HANSDAK,Jharkhand Mukti Morcha,TALA MARANDI,Bharatiya Janata Party,178264
Rampur,MOHIBBULLAH,Samajwadi Party,GHANSHYAM SINGH LODHI,Bharatiya Janata Party,87434
Ramtek,Shyamkumar (Babalu) Daulat Barve,Indian National Congress,RAJU DEONATH PARVE,Shiv Sena,76768
Ranaghat,JAGANNATH SARKAR,Bharatiya Janata Party,MUKUT MANI ADHIKARI,All India Trinamool Congress,186899
Ranchi,SANJAY SETH,Bharatiya Janata Party,YASHASWINI SAHAY,Indian National Congress,120512
Ratnagiri- Sindhudurg,NARAYAN TATU RANE,Bharatiya Janata Party,VINAYAK BHAURAO RAUT,Shiv Sena (Uddhav Balasaheb Thackrey),47858
Raver,KHADSE RAKSHA NIKHIL,Bharatiya Janata Party,SHRIRAM DAYARAM PATIL,Nationalist Congress Party – Sharadchandra Pawar,272183
Robertsganj,CHHOTELAL,Samajwadi Party,RINKI SINGH,Apna Dal (Soneylal),129234
SAGAR,DR. LATA WANKHEDE,Bharatiya Janata Party,CHANDRA BHUSAN SINGH BUNDELA 'GUDDU RAJA',Indian National Congress,471222
SALEM,SELVAGANAPATHI T M,Dravida Munnetra Kazhagam,VIGNESH P,All India Anna Dravida Munnetra Kazhagam,70357
SATNA,GANESH SINGH,Bharatiya Janata Party,DABBU SIDDHARTH SUKHLAL KUSHWAHA,Indian National Congress,84949
SHAHDOL,SMT. HIMADRI SINGH,Bharatiya Janata Party,PHUNDE LAL SINGH MARKO,Indian National Congress,397340
SHIMLA,Suresh Kumar Kashyap,Bharatiya Janata Party,Vinod Sultanpuri,Indian National Congress,91451
SIDHI,DR. RAJESH MISHRA,Bharatiya Janata Party,KAMLESHWAR INDRAJIT KUMAR,Indian National Congress,206416
SIKAR,AMRARAM,Communist Party of India (Marxist),SUMEDHANAND SARASWATI,Bharatiya Janata Party,72896
SIRSA,SELJA,Indian National Congress,ASHOK TANWAR,Bharatiya Janata Party,268497
SIVAGANGA,KARTI P CHIDAMBARAM,Indian National Congress,XAVIERDASS A,All India Anna Dravida Munnetra Kazhagam,205664
SONIPAT,SATPAL BRAHAMCHARI,Indian National Congress,MOHAN LAL BADOLI,Bharatiya Janata Party,21816
SRINAGAR,AGA SYED RUHULLAH MEHDI,Jammu & Kashmir National Conference,WAHEED UR REHMAN PARA,Jammu & Kashmir Peoples Democratic Party,188416
SRIPERUMBUDUR,T R BAALU,Dravida Munnetra Kazhagam,G PREMKUMAR,All India Anna Dravida Munnetra Kazhagam,487029
SURGUJA,CHINTAMANI MAHARAJ,Bharatiya Janata Party,SHASHI SINGH KORAM,Indian National Congress,64822
Sabarkantha,SHOBHANABEN MAHENDRASINH BARAIYA,Bharatiya Janata Party,CHAUDHARI TUSHAR AMARSINH,Indian National Congress,155682
Saharanpur,IMRAN MASOOD,Indian National Congress,RAGHAV LAKHANPAL,Bharatiya Janata Party,64542
Salempur,RAMASHANKAR RAJBHAR,Samajwadi Party,RAVINDAR KUSHAWAHA,Bharatiya Janata Party,3573
Samastipur,SHAMBHAVI,Lok Janshakti Party(Ram Vilas),SUNNY HAZARI,Indian National Congress,187251
Sambalpur,DHARMENDRA PRADHAN,Bharatiya Janata Party,PRANAB PRAKASH DAS,Biju Janata Dal,119836
Sambhal,ZIA UR REHMAN,Samajwadi Party,PARMESHWAR LAL SAINI,Bharatiya Janata Party,121494
Sangli,VISHAL (DADA) PRAKASHBAPU PATIL,Independent,SANJAY (KAKA) PATIL,Bharatiya Janata Party,100053
Sangrur,GURMEET SINGH MEET HAYER,Aam Aadmi Party,SUKHPAL SINGH KHAIRA,Indian National Congress,172560
Sant Kabir Nagar,LAXMIKANT PAPPU NISHAD,Samajwadi Party,PRAVIN KUMAR NISHAD,Bharatiya Janata Party,92170
Saran,RAJIV PRATAP RUDY,Bharatiya Janata Party,ROHINI ACHARYA,Rashtriya Janata Dal,13661
Sasaram,MANOJ KUMAR,Indian National Congress,SHIVESH KUMAR,Bharatiya Janata Party,19157
Satara,SHRIMANT CHH UDAYANRAJE PRATAPSINHAMAHARAJ BHONSLE,Bharatiya Janata Party,SHASHIKANT JAYVANTRAO SHINDE,Nationalist Congress Party – Sharadchandra Pawar,32771
Secunderabad,G. KISHAN REDDY,Bharatiya Janata Party,DANAM NAGENDER,Indian National Congress,49944
Shahjahanpur,ARUN KUMAR SAGAR,Bharatiya Janata Party,JYOTSNA GOND,Samajwadi Party,55379
Sheohar,LOVELY ANAND,Janata Dal (United),RITU JAISWAL,Rashtriya Janata Dal,29143
Shillong,DR. RICKY ANDREW J. SYNGKON,Voice of the People Party,VINCENT H. PALA,Indian National Congress,371910
Shimoga,B.Y.RAGHAVENDRA,Bharatiya Janata Party,GEETHA SHIVARAJKUMAR,Indian National Congress,243715
Shirdi,BHAUSAHEB RAJARAM WAKCHAURE,Shiv Sena (Uddhav Balasaheb Thackrey),LOKHANDE SADASHIV KISAN,Shiv Sena,50529
Shirur,DR. AMOL RAMSING KOLHE,Nationalist Congress Party – Sharadchandra Pawar,ADHALRAO SHIVAJI DATTATREY,Nationalist Congress Party,140951
Shrawasti,RAM SHIROMANI VERMA,Samajwadi Party,SAKET MISRA,Bharatiya Janata Party,76673
Sikkim,INDRA HANG SUBBA,Sikkim Krantikari Morcha,BHARAT BASNETT,Citizen Action Party-Sikkim,80830
Silchar,PARIMAL SUKLABAIDYA,Bharatiya Janata Party,SURYA KANTA SARKAR,Indian National Congress,264311
Singhbhum,JOBA MAJHI,Jharkhand Mukti Morcha,GEETA KORA,Bharatiya Janata Party,168402
Sitamarhi,DEVESH CHANDRA THAKUR,Janata Dal (United),ARJUN RAY,Rashtriya Janata Dal,51356
Sitapur,RAKESH RATHOR,Indian National Congress,RAJESH VERMA,Bharatiya Janata Party,89641
Siwan,VIJAYLAKSHMI DEVI,Janata Dal (United),HENA SHAHAB,Independent,92857
Solapur,PRANITI SUSHILKUMAR SHINDE,Indian National Congress,RAM VITTHAL SATPUTE,Bharatiya Janata Party,74197
Sonitpur,RANJIT DUTTA,Bharatiya Janata Party,PREMLAL GANJU,Indian National Congress,361408
South Delhi,RAMVIR SINGH BIDHURI,Bharatiya Janata Party,SAHI RAM,Aam Aadmi Party,124333
South Goa,CAPTAIN VIRIATO FERNANDES,Indian National Congress,PALLAVI SHRINIVAS DEMPO,Bharatiya Janata Party,13535
Srerampur,KALYAN BANERJEE,All India Trinamool Congress,KABIR SHANKAR BOSE,Bharatiya Janata Party,174830
Srikakulam,KINJARAPU RAMMOHAN NAIDU,Telugu Desam,TILAK PERADA,Yuvajana Sramika Rythu Congress Party,327901
Sultanpur,RAMBHUAL NISHAD,Samajwadi Party,MANEKA SANJAY GANDHI,Bharatiya Janata Party,43174
Sundargarh,JUAL ORAM,Bharatiya Janata Party,DILIP KUMAR TIRKEY,Biju Janata Dal,138808
Supaul,DILESHWAR KAMAIT,Janata Dal (United),CHANDRAHAS CHAUPAL,Rashtriya Janata Dal,169803
Surat,MUKESHKUMAR CHANDRAKAANT DALAL,Bharatiya Janata Party,,,-
Surendranagar,CHANDUBHAI CHHAGANBHAI SHIHORA,Bharatiya Janata Party,RUTVIKBHAI LAVJIBHAI MAKWANA,Indian National Congress,261617
TENKASI,DR RANI SRI KUMAR,Dravida Munnetra Kazhagam,DR K KRISHNASAMY,All India Anna Dravida Munnetra Kazhagam,196199
THANJAVUR,MURASOLI S,Dravida Munnetra Kazhagam,SIVANESAN P,Desiya Murpokku Dravida Kazhagam,319583
THENI,THANGA TAMILSELVAN,Dravida Munnetra Kazhagam,TTV DHINAKARAN,Amma Makkal Munnettra Kazagam,278825
THOOTHUKKUDI,KANIMOZHI KARUNANIDHI,Dravida Munnetra Kazhagam,SIVASAMY VELUMANI R,All India Anna Dravida Munnetra Kazhagam,392738
TIKAMGARH,DR. VIRENDRA KUMAR,Bharatiya Janata Party,KHUMAN URF PANKAJ AHIRWAR,Indian National Congress,403312
TIRUCHIRAPPALLI,DURAI VAIKO,Marumalarchi Dravida Munnetra Kazhagam,KARUPPAIAH. P,All India Anna Dravida Munnetra Kazhagam,313094
TIRUNELVELI,ROBERT BRUCE C,Indian National Congress,NAINAR NAGENTHRAN,Bharatiya Janata Party,165620
TIRUPPUR,"SUBBARAYAN, K.",Communist Party of India,"ARUNACHALAM, P.",All India Anna Dravida Munnetra Kazhagam,125928
TIRUVALLUR,Sasikanth Senthil,Indian National Congress,"Balaganapathy, V. Pon",Bharatiya Janata Party,572155
TIRUVANNAMALAI,"ANNADURAI, C.N.",Dravida Munnetra Kazhagam,KALIYAPERUMAL M,All India Anna Dravida Munnetra Kazhagam,233931
TONK-SAWAI MADHOPUR,HARISH CHANDRA MEENA,Indian National Congress,SUKHBIR SINGH JAUNAPURIA,Bharatiya Janata Party,64949
Tamluk,ABHIJIT GANGOPADHYAY,Bharatiya Janata Party,DEBANGSHU BHATTACHARYA,All India Trinamool Congress,77733
Tehri Garhwal,MALA RAJYA LAKSHMI SHAH,Bharatiya Janata Party,JOT SINGH GUNSOLA,Indian National Congress,272493
Thane,NARESH GANPAT MHASKE,Shiv Sena,RAJAN BABURAO VICHARE,Shiv Sena (Uddhav Balasaheb Thackrey),217011
Thirupathi(SC),GURUMOORTHY MADDILA,Yuvajana Sramika Rythu Congress Party,VARA PRASAD RAO VELAGAPALLI,Bharatiya Janata Party,14569
Thiruvananthapuram,SHASHI THAROOR,Indian National Congress,RAJEEV CHANDRASEKHAR,Bharatiya Janata Party,16077
Thrissur,SURESH GOPI,Bharatiya Janata Party,ADV V S SUNILKUMAR,Communist Party of India,74686
Tripura East,KRITI DEVI DEBBARMAN,Bharatiya Janata Party,RAJENDRA REANG,Communist Party of India (Marxist),486819
Tripura West,BIPLAB KUMAR DEB,Bharatiya Janata Party,ASISH KUMAR SAHA,Indian National Congress,611578
Tumkur,V. SOMANNA,Bharatiya Janata Party,S.P. MUDDAHANUMEGOWDA,Indian National Congress,175594
Tura,SALENG A SANGMA,Indian National Congress,AGATHA K SANGMA,National People's Party,155241
UDAIPUR,MANNA LAL RAWAT,Bharatiya Janata Party,TARACHAND MEENA,Indian National Congress,261608
UDHAMPUR,DR JITENDRA SINGH,Bharatiya Janata Party,CH LAL SINGH,Indian National Congress,124373
UJJAIN,ANIL FIROJIYA,Bharatiya Janata Party,MAHESH PARMAR,Indian National Congress,375860
Udupi Chikmagalur,KOTA SRINIVAS POOJARY,Bharatiya Janata Party,K. JAYAPRAKASH HEGDE,Indian National Congress,259175
Ujiarpur,NITYANAND RAI,Bharatiya Janata Party,ALOK KUMAR MEHTA,Rashtriya Janata Dal,60102
Uluberia,SAJDA AHMED,All India Trinamool Congress,ARUNUDAY PAULCHOWDHURY,Bharatiya Janata Party,218673
Unnao,SWAMI SACHCHIDANAND HARI SAKSHI,Bharatiya Janata Party,ANNU TANDON,Samajwadi Party,35818
Uttara Kannada,VISHWESHWAR HEGDE KAGERI,Bharatiya Janata Party,DR. ANJALI NIMBALKAR,Indian National Congress,337428
VELLORE,DM KATHIR ANAND,Dravida Munnetra Kazhagam,AC SHANMUGAM,Bharatiya Janata Party,215702
VIDISHA,SHIVRAJ SINGH CHOUHAN,Bharatiya Janata Party,PRATAPBHANU SHARMA,Indian National Congress,821408
VILUPPURAM,RAVIKUMAR. D,Viduthalai Chiruthaigal Katch,BHAGYARAJ. J,All India Anna Dravida Munnetra Kazhagam,70703
VIRUDHUNAGAR,MANICKAM TAGORE B,Indian National Congress,VIJAYAPRABHAKARAN V,Desiya Murpokku Dravida Kazhagam,4379
Vadakara,SHAFI PARAMBIL,Indian National Congress,K K SHAILAJA TEACHER,Communist Party of India (Marxist),114506
Vadodara,DR. HEMANG JOSHI,Bharatiya Janata Party,PADHIYAR JASHPALSINH MAHENDRASINH (BAPU),Indian National Congress,582126
Vaishali,VEENA DEVI,Lok Janshakti Party(Ram Vilas),VIJAY KUMAR SHUKLA,Rashtriya Janata Dal,89634
Valmiki Nagar,SUNIL KUMAR,Janata Dal (United),DEEPAK YADAV,Rashtriya Janata Dal,98675
Valsad,DHAVAL LAXMANBHAI PATEL,Bharatiya Janata Party,ANANTKUMAR HASMUKHBHAI PATEL,Indian National Congress,210704
Varanasi,NARENDRA MODI,Bharatiya Janata Party,AJAY RAI,Indian National Congress,152513
Vijayawada,KESINENI SIVANATH (CHINNI),Telugu Desam,KESINENI SRINIVAS (NANI),Yuvajana Sramika Rythu Congress Party,282085
Visakhapatnam,SRIBHARAT MATHUKUMILI,Telugu Desam,JHANSI LAKSHMI. BOTCHA.,Yuvajana Sramika Rythu Congress Party,504247
Vizianagaram,APPALANAIDU KALISETTI,Telugu Desam,BELLANA CHANDRASEKHAR,Yuvajana Sramika Rythu Congress Party,249351
Warangal,KADIYAM KAVYA,Indian National Congress,AROORI RAMESH,Bharatiya Janata Party,220339
Wardha,AMAR SHARADRAO KALE,Nationalist Congress Party – Sharadchandra Pawar,RAMDAS CHANDRABHAN TADAS,Bharatiya Janata Party,81648
Wayanad,RAHUL GANDHI,Indian National Congress,ANNIE RAJA,Communist Party of India,364422
West Delhi,KAMALJEET SEHRAWAT,Bharatiya Janata Party,MAHABAL MISHRA,Aam Aadmi Party,199013
Yavatmal- Washim,SANJAY UTTAMRAO DESHMUKH,Shiv Sena (Uddhav Balasaheb Thackrey),RAJSHRITAI HEMANT PATIL (MAHALLE),Shiv Sena,94473
Zahirabad,SURESH KUMAR SHETKAR,Indian National Congress,B. B. PATIL,Bharatiya Janata Party,46188
