Constituency_ID,Constituency_Name,State,Registered_Voters,Votes_Polled,Turnout_Percentage
1,Araku (ST),Andhra Pradesh,1557153,1165787,74.87
2,Srikakulam,Andhra Pradesh,1646686,1241169,75.37
3,Vizianagaram,Andhra Pradesh,1590994,1307632,82.19
4,Visakhapatnam,Andhra Pradesh,1931398,1391130,72.03
5,Anakapalle,Andhra Pradesh,1601365,1328726,82.97
6,Kakinada,Andhra Pradesh,1634921,1331386,81.43
7,Amalapuram (SC),Andhra Pradesh,1532229,1301934,84.97
8,Rajahmundry,Andhra Pradesh,1623852,1329162,81.85
9,Narsapuram,Andhra Pradesh,1473811,1232553,83.63
10,Eluru,Andhra Pradesh,1638116,1387990,84.73
11,Machilipatnam,Andhra Pradesh,1540045,1315489,85.42
12,Vijayawada,Andhra Pradesh,1704469,1371102,80.44
13,Guntur,Andhra Pradesh,1793324,1437528,80.16
14,Narsaraopet,Andhra Pradesh,1736162,1504877,86.68
15,Bapatla (SC),Andhra Pradesh,1511177,1308243,86.57
16,Ongole,Andhra Pradesh,1614525,1425958,88.32
17,Nandyal,Andhra Pradesh,1724191,1410776,81.82
18,Kurnoolu,Andhra Pradesh,1724191,1339542,77.69
19,Ananthapur,Andhra Pradesh,1769264,1445498,81.7
20,Hindupur,Andhra Pradesh,1658529,1424863,85.91
21,Kadapa,Andhra Pradesh,1641349,1327619,80.89
22,Nellore,Andhra Pradesh,1712840,1378697,80.49
23,Thirupathi (SC),Andhra Pradesh,1730318,1387466,80.19
24,Rajampet,Andhra Pradesh,1667385,1337920,80.24
25,Chittoor (SC),Andhra Pradesh,1643593,1425910,86.76
1,Arunachal West,Arunachal Pradesh,520085,402330,77.36
2,Arunachal East,Arunachal Pradesh,378357,326063,86.18
1,Kokrajhar (ST),Assam,1494404,1254499,83.95
2,Dhubri,Assam,2663987,2458780,92.3
3,Barpeta,Assam,1979051,1690051,85.4
4,Darrang-Udalguri,Assam,2214516,1820644,82.21
5,Guwahati,Assam,2039765,1602455,78.56
6,Diphu (ST),Assam,902050,687376,76.2
7,Karimganj,Assam,1414520,1147607,81.13
8,Silchar (SC),Assam,1374559,1090948,79.37
9,Nagaon,Assam,1821023,1550628,85.15
10,Kaziranga,Assam,2053805,1635636,79.64
11,Sonitpur,Assam,1638992,1290556,78.74
12,Lakhimpur,Assam,1580500,1214239,76.83
13,Dibrugarh,Assam,1661998,1278464,76.92
14,Jorhat,Assam,1732944,1396283,80.57
1,Valmiki Nagar,Bihar,1829052,1103474,60.33
2,Paschim Champaran,Bihar,1759234,1086798,61.78
3,Purvi Champaran,Bihar,1793440,1074344,59.9
4,Sheohar,Bihar,1834437,1055989,57.56
5,Sitamarhi,Bihar,1950028,1096960,56.25
6,Madhubani,Bihar,1936759,1028128,53.08
7,Jhanjharpur,Bihar,2005278,1094117,54.56
8,Supaul,Bihar,1928887,1231554,63.85
9,Araria,Bihar,2019757,1252751,62.02
10,Kishanganj,Bihar,1830197,1151296,62.91
11,Katihar,Bihar,1834512,1172533,63.92
12,Purnia,Bihar,1895036,1196238,63.12
13,Madhepura,Bihar,2073608,1209822,58.34
14,Darbhanga,Bihar,1782853,1024986,57.49
15,Muzaffarpur,Bihar,1869072,1112933,59.54
16,Vaishali,Bihar,1871877,1172436,62.63
17,Gopalganj (SC),Bihar,2027054,1064581,52.52
18,Siwan,Bihar,1901956,998204,52.48
19,Maharajganj,Bihar,1942449,1015313,52.27
20,Saran,Bihar,1800790,1022613,56.79
21,Hajipur (SC),Bihar,1972915,1155605,58.57
22,Ujiarpur,Bihar,1748377,1042749,59.64
23,Samastipur (SC),Bihar,1820016,1095866,60.21
24,Begusarai,Bihar,2200435,1296227,58.91
25,Khagaria,Bihar,1843767,1062299,57.62
26,Bhagalpur,Bihar,1988207,1065031,53.57
27,Banka,Bihar,1859967,1014931,54.57
28,Munger,Bihar,2051829,1139184,55.52
29,Nalanda,Bihar,2293994,1144956,49.91
30,Patna Sahib,Bihar,2295527,1075992,46.87
31,Patliputra,Bihar,2080613,1230694,59.15
32,Arrah,Bihar,2183625,1097080,50.24
33,Buxar,Bihar,1934352,1074086,55.53
34,Sasaram (SC),Bihar,1914914,1097925,57.34
35,Karakat,Bihar,1888005,1033379,54.73
36,Jahanabad,Bihar,1678716,927696,55.26
37,Aurangabad,Bihar,1875809,946044,50.43
38,Gaya (SC),Bihar,1821330,964870,52.98
39,Nawada,Bihar,2010286,871838,43.37
40,Jamui (SC),Bihar,1910619,979337,51.26
1,North Goa,Goa,580710,457222,78.73
2,South Goa,Goa,598934,450956,75.29
1,Kachchh (SC),Gujarat,1943633,1096006,56.39
2,Banaskantha,Gujarat,1963312,1378128,70.19
3,Patan,Gujarat,2021772,1195554,59.13
4,Mahesana,Gujarat,1772048,1079261,60.9
5,Sabarkantha,Gujarat,1980797,1271490,64.19
6,Gandhinagar,Gujarat,2183402,1323545,60.62
7,Ahmedabad East,Gujarat,2040263,1130756,55.42
8,Ahmedabad West (SC),Gujarat,1727645,967803,56.02
9,Surendranagar,Gujarat,2035001,1133390,55.69
10,Rajkot,Gujarat,2112726,1274866,60.34
11,Porbandar,Gujarat,1769594,930356,52.57
12,Jamnagar,Gujarat,1818959,1052099,57.84
13,Junagadh,Gujarat,1796532,1069622,59.54
14,Amreli,Gujarat,1733367,877094,50.6
15,Bhavnagar,Gujarat,1918394,1051181,54.79
16,Anand,Gujarat,1780709,1170984,65.76
17,Kheda,Gujarat,2008281,1179041,58.71
18,Panchmahal,Gujarat,1898234,1132935,59.68
19,Dahod (ST),Gujarat,1876247,1119204,59.65
20,Vadodara,Gujarat,1950123,1213696,62.24
21,Chhota Udaipur (ST),Gujarat,1822437,1269390,69.65
22,Bharuch,Gujarat,1723670,1199601,69.6
23,Bardoli (ST),Gujarat,2048788,1343633,65.58
25,Navsari,Gujarat,2223804,1339344,60.23
26,Valsad (ST),Gujarat,1860207,1363008,73.27
1,AMBALA (SC),Haryana,2003510,1348094,67.29
2,KURUKSHETRA,Haryana,1799822,1206961,67.06
3,SIRSA (SC),Haryana,1941319,1356358,69.87
4,HISAR,Haryana,1799539,1175066,65.3
5,KARNAL,Haryana,2109702,1346656,63.83
6,SONIPAT,Haryana,1777008,1127054,63.42
7,ROHTAK,Haryana,1913628,1254043,65.53
8,BHIWANI-MAHENDRAGARH,Haryana,1821764,1184437,65.02
9,GURGAON,Haryana,2584982,1603233,62.02
10,FARIDABAD,Haryana,2436637,1473728,60.48
1,KANGRA,Himachal Pradesh,1524032,1038678,68.15
2,MANDI,Himachal Pradesh,1377173,1018685,73.97
3,HAMIRPUR,Himachal Pradesh,1456099,1052398,72.28
4,SHIMLA (SC),Himachal Pradesh,1354665,971315,71.7
1,Chikkodi,Karnataka,1770523,1395325,78.81
2,Belgaum,Karnataka,1931746,1386821,71.79
3,Bagalkot,Karnataka,1810090,1319713,72.91
4,Bijapur (SC),Karnataka,1947976,1297073,66.59
5,Gulbarga (SC),Karnataka,2098778,1311233,62.48
6,Raichur (ST),Karnataka,2010441,1304825,64.9
7,Bidar,Karnataka,1894364,1243057,65.62
8,Koppal,Karnataka,1867016,1329839,71.23
9,Bellary (ST),Karnataka,1884472,1389995,73.76
10,Haveri,Karnataka,1794394,1397131,77.86
11,Dharwad,Karnataka,1834015,1366570,74.51
12,Uttara Kannada,Karnataka,1645721,1263871,76.8
13,Davanagere,Karnataka,1709809,1321228,77.27
14,Shimoga,Karnataka,1753615,1378579,78.61
15,Udupi Chikmagalur,Karnataka,1585721,1231062,77.63
16,Hassan,Karnataka,1738818,1357375,78.06
17,Dakshina Kannada,Karnataka,1818127,1418468,78.02
18,Chitradurga (SC),Karnataka,1857385,1367995,73.65
19,Tumkur,Karnataka,1661834,1304308,78.49
20,Mandya,Karnataka,1780149,1460563,82.05
21,Mysore,Karnataka,2094310,1486191,70.96
22,Chamarajanagar (SC),Karnataka,1778667,1370336,77.04
23,Bangalore Rural,Karnataka,2802956,1920679,68.52
24,Bangalore North,Karnataka,3215291,1756885,54.64
25,Bangalore central,Karnataka,2434254,1318346,54.16
26,Bangalore South,Karnataka,2341895,1250052,53.38
27,Chikkballapur,Karnataka,1981767,1531043,77.26
28,Kolar (SC),Karnataka,1728198,1356814,78.51
1,Kasaragod,Kerala,1455530,1117221,76.76
2,Kannur,Kerala,1363080,1066171,78.22
3,Vadakara,Kerala,1424792,1129256,79.26
4,Wayanad,Kerala,1464472,1086459,74.19
5,Kozhikode,Kerala,1432508,1092977,76.3
6,Malappuram,Kerala,1480714,1087395,73.44
7,Ponnani,Kerala,1471260,1026616,69.78
8,Palakkad,Kerala,1400914,1038946,74.16
9,Alathur (SC),Kerala,1340183,993759,74.15
10,Thrissur,Kerala,1483783,1092574,73.63
11,Chalakudy,Kerala,1311257,953520,72.72
12,Ernakulam,Kerala,1324757,911035,68.77
13,Idukki,Kerala,1251172,841286,67.24
14,Kottayam,Kerala,1256138,837890,66.7
15,Alappuzha,Kerala,1406689,1068949,75.99
16,Mavelikkara (SC),Kerala,1339159,898111,67.07
17,Pathanamthitta,Kerala,1433956,921565,64.27
18,Kollam,Kerala,1330873,918260,69.0
19,Attingal,Kerala,1401114,986917,70.44
20,Thiruvananthapuram,Kerala,1434657,964351,67.22
1,MORENA,Madhya Pradesh,2015928,1189626,59.01
2,BHIND (SC),Madhya Pradesh,1913389,1050881,54.92
3,GWALIOR,Madhya Pradesh,2160206,1345727,62.3
4,GUNA,Madhya Pradesh,1890695,1374205,72.68
5,SAGAR,Madhya Pradesh,1746640,1151015,65.9
6,TIKAMGARH (SC),Madhya Pradesh,1827976,1098801,60.11
7,DAMOH,Madhya Pradesh,1926000,1089696,56.58
8,KHAJURAHO,Madhya Pradesh,1998536,1141404,57.11
9,SATNA,Madhya Pradesh,1708823,1059670,62.01
10,REWA,Madhya Pradesh,1859439,920062,49.48
11,SIDHI,Madhya Pradesh,2030095,1148762,56.59
12,SHAHDOL (ST),Madhya Pradesh,1778158,1152862,64.83
13,JABALPUR,Madhya Pradesh,1898180,1159005,61.06
14,MANDLA (ST),Madhya Pradesh,2103244,1536106,73.04
15,BALAGHAT,Madhya Pradesh,1875760,1382786,73.72
16,CHHINDWARA,Madhya Pradesh,1634721,1306561,79.93
17,HOSHANGABAD,Madhya Pradesh,1858158,1249972,67.27
18,VIDISHA,Madhya Pradesh,1946631,1456313,74.81
19,BHOPAL,Madhya Pradesh,2339411,1499928,64.12
20,RAJGARH,Madhya Pradesh,1876672,1431588,76.28
21,DEWAS (SC),Madhya Pradesh,1943559,1469943,75.63
22,UJJAIN (SC),Madhya Pradesh,1800347,1329211,73.83
23,MANDSOUR,Madhya Pradesh,1900808,1434874,75.49
24,RATLAM (ST),Madhya Pradesh,2095109,1534198,73.23
25,DHAR (ST),Madhya Pradesh,1955117,1425647,72.92
26,INDORE,Madhya Pradesh,2527978,1562727,61.82
27,KHARGONE (ST),Madhya Pradesh,2046409,1559003,76.18
28,KHANDWA,Madhya Pradesh,2112874,1514990,71.7
29,BETUL (ST),Madhya Pradesh,1897989,1396805,73.59
1,Nandurbar (ST),Maharashtra,1971324,1394993,70.76
2,Dhule,Maharashtra,2025275,1221941,60.33
3,Jalgaon,Maharashtra,2000402,1170653,58.52
4,Raver,Maharashtra,1823827,1173733,64.36
5,Buldhana,Maharashtra,1787095,1110224,62.12
6,Akola,Maharashtra,1894657,1173782,61.95
7,Amravati (SC),Maharashtra,1838767,1174779,63.89
8,Wardha,Maharashtra,1684292,1096649,65.11
9,Ramtek (SC),Maharashtra,2050952,1252883,61.09
10,Nagpur,Maharashtra,2224282,1212085,54.49
11,Bhandara Gondiya,Maharashtra,1830399,1237812,67.63
12,Gadchiroli - Chimur (ST),Maharashtra,1618690,1167912,72.15
13,Chandrapur,Maharashtra,1839760,1245125,67.68
14,Yavatmal- Washim,Maharashtra,1942461,1225601,63.1
15,Hingoli,Maharashtra,1819082,1159744,63.75
16,Nanded,Maharashtra,1853532,1133958,61.18
17,Parbhani,Maharashtra,2124497,1331334,62.67
18,Jalna,Maharashtra,1969953,1367572,69.42
19,Aurangabad,Maharashtra,2061220,1302783,63.2
20,Dindori (ST),Maharashtra,1857924,1241985,66.85
21,Nashik,Maharashtra,2033175,1237613,60.87
22,Palghar (ST),Maharashtra,2148850,1376677,64.07
23,Bhiwandi,Maharashtra,2087604,1254778,60.11
24,Kalyan,Maharashtra,2082800,1047247,50.28
25,Thane,Maharashtra,2508072,1311056,52.27
26,Mumbai North,Maharashtra,1812115,1036495,57.2
27,Mumbai North West,Maharashtra,1735295,955050,55.04
28,Mumbai North East,Maharashtra,1637292,927267,56.63
29,Mumbai North Central,Maharashtra,1744297,910742,52.21
30,Mumbai South Central,Maharashtra,1474660,794872,53.9
31,Mumbai South,Maharashtra,1536443,773328,50.33
32,Raigad,Maharashtra,1669722,1015216,60.8
33,Maval,Maharashtra,2585776,1420227,54.92
34,Pune,Maharashtra,2062172,1104769,53.57
35,Baramati,Maharashtra,2374884,1414034,59.54
36,Shirur,Maharashtra,2541750,1377691,54.2
37,Ahmednagar,Maharashtra,1988934,1327130,66.73
38,Shirdi (SC),Maharashtra,1680067,1060418,63.12
39,Beed,Maharashtra,2147063,1524570,71.01
40,Osmanabad,Maharashtra,1996484,1282443,64.24
41,Latur (SC),Maharashtra,1980409,1243151,62.77
42,Solapur (SC),Maharashtra,2031921,1205023,59.3
43,Madha,Maharashtra,1996298,1275107,63.87
44,Sangli,Maharashtra,1874176,1169320,62.39
45,Satara,Maharashtra,1899325,1200184,63.19
46,Ratnagiri- Sindhudurg,Maharashtra,1452664,916994,63.12
47,Kolhapur,Maharashtra,1942725,1394170,71.76
48,Hatkanangale,Maharashtra,1818396,1297282,71.34
1,Inner Manipur,Manipur,1001115,806037,80.51
2,Outer Manipur (ST),Manipur,1050242,799732,76.15
1,Shillong (ST),Meghalaya,1402892,1038557,74.03
2,Tura (ST),Meghalaya,827559,676470,81.74
1,MIZORAM (ST),Mizoram,861327,491828,57.1
1,Nagaland,Nagaland,1325383,766573,57.84
1,Bargarh,Odisha,1633893,1312526,80.33
2,Sundargarh (ST),Odisha,1579096,1159760,73.44
3,Sambalpur,Odisha,1501538,1200815,79.97
4,Keonjhar (ST),Odisha,1589941,1258771,79.17
5,Mayurbhanj (ST),Odisha,1546274,1178141,76.19
6,Balasore,Odisha,1610043,1240999,77.08
7,Bhadrak (SC),Odisha,1773928,1303583,73.49
8,Jajpur (SC),Odisha,1548594,1161596,75.01
9,Dhenkanal,Odisha,1533702,1202003,78.37
10,Bolangir,Odisha,1803544,1404453,77.87
11,Kalahandi,Odisha,1702038,1338480,78.64
12,Nabarangpur (ST),Odisha,1514610,1250175,82.54
13,Kandhamal,Odisha,1340580,999765,74.58
14,Cuttack,Odisha,1574979,1123079,71.31
15,Kendrapara,Odisha,1795725,1283464,71.47
16,Jagatsinghpur (SC),Odisha,1703489,1291326,75.8
17,Puri,Odisha,1589698,1201434,75.58
18,Bhubaneswar,Odisha,1675019,1083541,64.69
19,Aska,Odisha,1623404,1018539,62.74
20,Berhampur,Odisha,1595228,1046688,65.61
21,Koraput (ST),Odisha,1481642,1155221,77.97
1,Gurdaspur,Punjab,1627611,1081028,66.42
2,Amritsar,Punjab,1617542,905825,56.0
3,Khadoor Sahib,Punjab,1680035,1049273,62.46
4,Jalandhar (SC),Punjab,1655868,989316,59.75
5,Hoshiarpur (SC),Punjab,1618186,949116,58.65
6,Anandpur Sahib,Punjab,1740606,1077450,61.9
7,Ludhiana,Punjab,1760756,1059678,60.18
8,Fatehgarh Sahib (SC),Punjab,1557201,974566,62.58
9,Faridkot (SC),Punjab,1599861,1014543,63.41
10,Firozpur,Punjab,1674979,1127376,67.31
11,Bathinda,Punjab,1659163,1151720,69.42
12,Sangrur,Punjab,1563808,1010706,64.63
13,Patiala,Punjab,1811580,1152252,63.6
1,GANGANAGAR (SC),Rajasthan,2103968,1414310,67.22
2,BIKANER (SC),Rajasthan,2050748,1119372,54.58
3,CHURU,Rajasthan,2222213,1426598,64.2
4,JHUNJHUNU,Rajasthan,2097732,1125116,53.63
5,SIKAR,Rajasthan,2232334,1304337,58.43
6,JAIPUR RURAL,Rajasthan,2194555,1265588,57.67
7,JAIPUR,Rajasthan,2288793,1465000,64.01
8,ALWAR,Rajasthan,2075093,1256821,60.57
9,BHARATPUR (SC),Rajasthan,2124971,1136014,53.46
10,KARAULI-DHOLPUR (SC),Rajasthan,1980182,990998,50.05
11,DAUSA (ST),Rajasthan,1903520,1074532,56.45
12,TONK-SAWAI MADHOPUR,Rajasthan,2150616,1228602,57.13
13,AJMER,Rajasthan,1999399,1202835,60.16
14,NAGAUR,Rajasthan,2155502,1241279,57.59
15,PALI,Rajasthan,2348274,1355574,57.73
16,JODHPUR,Rajasthan,2138241,1385918,64.82
17,BARMER,Rajasthan,2208630,1689138,76.48
18,JALORE,Rajasthan,2297692,1451531,63.17
19,UDAIPUR (ST),Rajasthan,2231240,1499074,67.19
20,BANSWARA (ST),Rajasthan,2200607,1637022,74.39
21,CHITTORGARH,Rajasthan,2170738,1499596,69.08
22,RAJSAMAND,Rajasthan,2064478,1214423,58.82
23,BHILWARA,Rajasthan,2148657,1305144,60.74
24,KOTA,Rajasthan,2088853,1500959,71.86
25,JHALAWAR-BARAN,Rajasthan,2030974,1422157,70.02
1,Sikkim,Sikkim,466643,388507,83.26
1,TIRUVALLUR (SC),Tamil Nadu,2086686,1435130,68.78
2,CHENNAI NORTH,Tamil Nadu,1496459,902753,60.33
3,CHENNAI SOUTH,Tamil Nadu,2023381,1100005,54.36
4,CHENNAI CENTRAL,Tamil Nadu,1350334,731710,54.19
5,SRIPERUMBUDUR,Tamil Nadu,2382578,1441382,60.5
6,KANCHEEPURAM (SC),Tamil Nadu,1749192,1260679,72.07
7,ARAKKONAM,Tamil Nadu,1568140,1170057,74.61
8,VELLORE,Tamil Nadu,1534347,1131837,73.77
9,KRISHNAGIRI,Tamil Nadu,1627851,1167451,71.72
10,DHARMAPURI,Tamil Nadu,1526799,1249271,81.82
11,TIRUVANNAMALAI,Tamil Nadu,1536993,1148228,74.71
12,ARANI,Tamil Nadu,1499659,1140690,76.06
13,VILUPPURAM (SC),Tamil Nadu,1503959,1159452,77.09
14,KALLAKURICHI,Tamil Nadu,1569097,1251018,79.73
15,SALEM,Tamil Nadu,1659269,1307379,78.79
16,NAMAKKAL,Tamil Nadu,1452952,1147497,78.98
17,ERODE,Tamil Nadu,1538960,1094366,71.11
18,TIRUPPUR,Tamil Nadu,1608720,1143624,71.09
19,NILGIRIS (SC),Tamil Nadu,1428889,1020085,71.39
20,COIMBATORE,Tamil Nadu,2106500,1374127,65.23
21,POLLACHI,Tamil Nadu,1597717,1128822,70.65
22,DINDIGUL,Tamil Nadu,1608624,1150445,71.52
23,KARUR,Tamil Nadu,1430499,1133069,79.21
24,TIRUCHIRAPPALLI,Tamil Nadu,1554620,1056843,67.98
25,PERAMBALUR,Tamil Nadu,1447197,1130376,78.11
26,CUDDALORE,Tamil Nadu,1413170,1037351,73.41
27,CHIDAMBARAM (SC),Tamil Nadu,1520970,1170701,76.97
28,MAYILADUTHURAI,Tamil Nadu,1546075,1088164,70.38
29,NAGAPATTINAM (SC),Tamil Nadu,1345708,973773,72.36
30,THANJAVUR,Tamil Nadu,1502056,1031294,68.66
31,SIVAGANGA,Tamil Nadu,1635655,1057025,64.62
32,MADURAI,Tamil Nadu,1583250,988216,62.42
33,THENI,Tamil Nadu,1630328,1143159,70.12
34,VIRUDHUNAGAR,Tamil Nadu,1505927,1064918,70.72
35,RAMANATHAPURAM,Tamil Nadu,1619761,1111264,68.61
36,THOOTHUKKUDI,Tamil Nadu,1461182,981034,67.14
37,TENKASI (SC),Tamil Nadu,1529130,1040936,68.07
38,TIRUNELVELI,Tamil Nadu,1656265,1069236,64.56
39,KANNIYAKUMARI,Tamil Nadu,1566048,1035739,66.14
1,Tripura West,Tripura,1469453,1212774,82.53
2,Tripura East (ST),Tripura,1401443,1136053,81.06
1,Saharanpur,Uttar Pradesh,1857816,1230347,66.23
2,Kairana,Uttar Pradesh,1727579,1080035,62.52
3,Muzaffarnagar,Uttar Pradesh,1823717,1078915,59.16
4,Bijnor,Uttar Pradesh,1743213,1024843,58.79
5,Nagina (SC),Uttar Pradesh,1647310,1001499,60.8
6,Moradabad,Uttar Pradesh,2062642,1283812,62.24
7,Rampur,Uttar Pradesh,1733243,968791,55.89
8,Sambhal,Uttar Pradesh,1899292,1195706,62.96
9,Amroha,Uttar Pradesh,1720677,1111135,64.58
10,Meerut,Uttar Pradesh,2005669,1183456,59.01
11,Baghpat,Uttar Pradesh,1665208,934744,56.13
12,Ghaziabad,Uttar Pradesh,2948720,1470740,49.88
13,Gautam Buddha Nagar,Uttar Pradesh,2681482,1440060,53.7
14,Bulandshahr (SC),Uttar Pradesh,1867981,1056357,56.55
15,Aligarh,Uttar Pradesh,2002868,1139422,56.89
16,Hathras (SC),Uttar Pradesh,1946138,1083446,55.67
17,Mathura,Uttar Pradesh,1939130,957463,49.38
18,Agra (SC),Uttar Pradesh,2075821,1125376,54.21
19,Fatehpur Sikri,Uttar Pradesh,1807314,1034638,57.25
20,Firozabad,Uttar Pradesh,1896052,1108735,58.48
21,Mainpuri,Uttar Pradesh,1798051,1056192,58.74
22,Etah,Uttar Pradesh,1703935,1011620,59.37
23,Badaun,Uttar Pradesh,2010304,1093550,54.4
24,Aonla,Uttar Pradesh,1893622,1090062,57.56
25,Bareilly,Uttar Pradesh,1926167,1120305,58.16
26,Pilibhit,Uttar Pradesh,1833961,1161235,63.32
27,Shahjahanpur (SC),Uttar Pradesh,2333143,1248747,53.52
28,Kheri,Uttar Pradesh,1871224,1213543,64.85
29,Dhaurahra,Uttar Pradesh,1719979,1112068,64.66
30,Sitapur,Uttar Pradesh,1760367,1102725,62.64
31,Hardoi (SC),Uttar Pradesh,1911779,1102070,57.65
32,Misrikh (SC),Uttar Pradesh,1879798,1052758,56.0
33,Unnao,Uttar Pradesh,2344843,1303551,55.59
34,Mohanlalganj (SC),Uttar Pradesh,2189866,1379358,62.99
35,Lucknow,Uttar Pradesh,2173953,1140222,52.45
36,Rae Bareli,Uttar Pradesh,1788731,1039951,58.14
37,Amethi,Uttar Pradesh,1798715,980883,54.53
38,Sultanpur,Uttar Pradesh,1855602,1034131,55.73
39,Pratapgarh,Uttar Pradesh,1836748,947386,51.58
40,Farrukhabad,Uttar Pradesh,1751985,1035044,59.08
41,Etawah (SC),Uttar Pradesh,1834489,1034154,56.37
42,Kannauj,Uttar Pradesh,1993616,1218971,61.14
43,Kanpur,Uttar Pradesh,1664794,887948,53.34
44,Akbarpur,Uttar Pradesh,1875912,1087989,58.0
45,Jalaun (SC),Uttar Pradesh,2010583,1129208,56.16
46,Jhansi,Uttar Pradesh,2162404,1381376,63.88
47,Hamirpur,Uttar Pradesh,1841604,1116908,60.65
48,Banda,Uttar Pradesh,1749034,1044901,59.74
49,Fatehpur,Uttar Pradesh,1942597,1109359,57.11
50,Kaushambi (SC),Uttar Pradesh,1912536,1010109,52.82
51,Phulpur,Uttar Pradesh,2071536,1015032,49.0
52,Allahabad,Uttar Pradesh,1828159,948256,51.87
53,Barabanki (SC),Uttar Pradesh,1919282,1290963,67.26
54,Faizabad,Uttar Pradesh,1929399,1141689,59.17
55,Ambedkar Nagar,Uttar Pradesh,1913756,1180008,61.66
56,Baharaich (SC),Uttar Pradesh,1839281,1056593,57.45
57,Kaiserganj,Uttar Pradesh,1906032,1062305,55.73
58,Shrawasti,Uttar Pradesh,1980743,1046633,52.84
59,Gonda,Uttar Pradesh,1843873,953302,51.7
60,Domariyaganj,Uttar Pradesh,1962205,1022585,52.11
61,Basti,Uttar Pradesh,1904843,1084777,56.95
62,Sant Kabir Nagar,Uttar Pradesh,2076050,1092192,52.61
63,Maharajganj,Uttar Pradesh,2007065,1210504,60.31
64,Gorakhpur,Uttar Pradesh,2101746,1154974,54.95
65,Kushi Nagar,Uttar Pradesh,1876962,1080710,57.58
66,Deoria,Uttar Pradesh,1877227,1043740,55.6
67,Bansgaon (SC),Uttar Pradesh,1825711,945860,51.81
68,Lalganj (SC),Uttar Pradesh,1841110,1004152,54.54
69,Azamgarh,Uttar Pradesh,1871946,1055114,56.36
70,Ghosi,Uttar Pradesh,2090637,1150742,55.04
71,Salempur,Uttar Pradesh,1784412,917622,51.42
72,Ballia,Uttar Pradesh,1936995,1007726,52.03
73,Jaunpur,Uttar Pradesh,1979004,1104876,55.83
74,Machhlishahr (SC),Uttar Pradesh,1943763,1062071,54.64
75,Ghazipur,Uttar Pradesh,2088636,1154838,55.29
76,Chandauli,Uttar Pradesh,1850547,1119838,60.51
77,Varanasi,Uttar Pradesh,1999861,1131818,56.59
78,Bhadohi,Uttar Pradesh,2039941,1085742,53.22
79,Mirzapur,Uttar Pradesh,1909448,1105445,57.89
80,Robertsganj (SC),Uttar Pradesh,1780728,1011592,56.81
1,Coochbehar (SC),West Bengal,1970743,1624634,82.44
2,Alipurduars (ST),West Bengal,1778463,1422285,79.97
3,Jalpaiguri (SC),West Bengal,1889840,1585888,83.92
4,Darjeeling,West Bengal,1776898,1331004,74.91
5,Raiganj,West Bengal,1791574,1369355,76.43
6,Balurghat,West Bengal,1563941,1240016,79.29
7,Maldaha Uttar,West Bengal,1864285,1419041,76.12
8,Maldaha Dakshin,West Bengal,1784407,1371914,76.88
9,Jangipur,West Bengal,1807556,1369909,75.79
10,Baharampur,West Bengal,1789424,1387690,77.55
11,Murshidabad,West Bengal,1890589,1541754,81.55
12,Krishnanagar,West Bengal,1762599,1426981,80.96
13,Ranaghat (SC),West Bengal,1877599,1542292,82.14
14,Bangaon (SC),West Bengal,1841292,1493680,81.12
15,Barrackpur,West Bengal,1512101,1142509,75.56
16,Dum dum,West Bengal,1700882,1260841,74.13
17,Barasat,West Bengal,1907604,1534562,80.44
18,Basirhat,West Bengal,1805874,1526081,84.51
19,Jaynagar (SC),West Bengal,1845363,1484056,80.42
20,Mathurapur (SC),West Bengal,1818113,1497681,82.38
21,Diamond harbour,West Bengal,1881552,1531287,81.38
22,Jadavpur,West Bengal,2034251,1569002,77.13
23,Kolkata Dakshin,West Bengal,1850115,1244540,67.27
24,Kolkata Uttar,West Bengal,1505686,958556,63.66
25,Howrah,West Bengal,1769973,1272558,71.9
26,Uluberia,West Bengal,1742388,1394157,80.01
27,Sreerampur,West Bengal,1928256,1477130,76.6
28,Hooghly,West Bengal,1860103,1518072,81.61
29,Arambag (SC),West Bengal,1885001,1561188,82.82
30,Tamluk,West Bengal,1853363,1578527,85.17
31,Kanthi,West Bengal,1797658,1532295,85.24
32,Ghatal,West Bengal,1942313,1602280,82.49
33,Jhargram (ST),West Bengal,1782435,1493701,83.8
34,Medinipur,West Bengal,1813205,1485949,81.95
35,Purulia,West Bengal,1825625,1436016,78.66
36,Bankura,West Bengal,1785138,1450168,81.24
37,Bishnupur (SC),West Bengal,1758481,1514635,86.13
38,Bardhaman Purba (SC),West Bengal,1803240,1498938,83.12
39,Bardhaman-Durgapur,West Bengal,1853336,1502830,81.09
40,Asansol,West Bengal,1771875,1302426,73.51
41,Bolpur (SC),West Bengal,1842192,1529897,83.05
42,Birbhum,West Bengal,1859447,1528210,82.19
1,SURGUJA (ST),Chhattisgarh,1820880,1456077,79.97
2,RAIGARH (ST),Chhattisgarh,1840847,1453542,78.96
3,JANJGIR-CHAMPA (SC),Chhattisgarh,2058260,1394953,67.77
4,KORBA,Chhattisgarh,1620051,1226934,75.73
5,BILASPUR,Chhattisgarh,2103937,1365126,64.88
6,RAJNANDGAON,Chhattisgarh,1869229,1447888,77.46
7,DURG,Chhattisgarh,2092551,1543861,73.78
8,RAIPUR,Chhattisgarh,2376030,1592011,67.0
9,MAHASAMUND,Chhattisgarh,1763698,1326441,75.21
10,BASTAR (ST),Chhattisgarh,1473810,1008923,68.46
11,KANKER (ST),Chhattisgarh,1659374,1267551,76.39
1,Rajmahal (ST),Jharkhand,1705708,1218620,71.44
2,Dumka (ST),Jharkhand,1592192,1185151,74.44
3,Godda,Jharkhand,2030444,1402941,69.1
4,Chatra,Jharkhand,1692698,1089296,64.35
5,Kodarma,Jharkhand,2207845,1373091,62.19
6,Giridih,Jharkhand,1866763,1265546,67.79
7,Dhanbad,Jharkhand,2290354,1431957,62.52
8,Ranchi,Jharkhand,2202528,1452196,65.93
9,Jamshedpur,Jharkhand,1871388,1279236,68.36
10,Singhbhum (ST),Jharkhand,1449471,1011759,69.8
11,Khunti (ST),Jharkhand,1329423,940247,70.73
12,Lohardaga (ST),Jharkhand,1448225,971662,67.09
13,Palamu (SC),Jharkhand,2248082,1392035,61.92
14,Hazaribagh,Jharkhand,1942771,1265455,65.14
1,Tehri Garhwal,Uttarakhand,1590526,866774,54.5
2,Garhwal,Uttarakhand,1404233,746210,53.14
3,Almora (SC),Uttarakhand,1368432,675014,49.33
4,Nainital-Udhamsingh Nagar,Uttarakhand,2026438,1271666,62.75
5,Haridwar,Uttarakhand,2041472,1304517,63.9
1,Adilabad (ST),Telangana,1652394,1238318,74.94
2,Peddapalle (SC),Telangana,1597892,1096672,68.63
3,Karimnagar,Telangana,1798168,1314574,73.11
4,Nizamabad,Telangana,1705591,1233995,72.35
5,Zahirabad,Telangana,1642425,1236677,75.3
6,Medak,Telangana,1828717,1387211,75.86
7,Malkajgiri,Telangana,3780453,1938462,51.28
8,Secunderabad,Telangana,2120550,1048604,49.45
9,Hyderabad,Telangana,2217305,1081878,48.79
10,Chevella,Telangana,2939057,1676124,57.03
11,Mahbubnagar,Telangana,1683709,1227560,72.91
12,Nagarkurnool (SC),Telangana,1739310,1221686,70.24
13,Nalgonda,Telangana,1726204,1297265,75.15
14,Bhongir,Telangana,1809241,1401721,77.48
15,Warangal (SC),Telangana,1825492,1269265,69.53
16,Mahabubabad (ST),Telangana,1533858,1109534,72.34
17,Khammam,Telangana,1631952,1252286,76.74
1,Andaman & Nicobar Islands,Andaman & Nicobar Islands,315745,202597,64.16
1,Chandigarh,Chandigarh,660552,449383,68.03
1,Daman & Diu,Dadra & Nagar Haveli and Daman & Diu,134201,92448,68.89
2,Dadar & Nagar Haveli (ST),Dadra & Nagar Haveli and Daman & Diu,283035,205625,72.65
1,Chandni Chowk,NCT OF Delhi,1646467,966352,58.69
2,North-East Delhi,NCT OF Delhi,2464397,1553679,63.04
3,East Delhi,NCT OF Delhi,2121610,1264411,59.6
4,New Delhi,NCT OF Delhi,1526694,847764,55.53
5,North-West Delhi (SC),NCT OF Delhi,2569274,1490322,58.01
6,West Delhi,NCT OF Delhi,2592498,1524751,58.81
7,South Delhi,NCT OF Delhi,2293698,1296306,56.52
1,Lakshadweep (ST),Lakshadweep,57953,49247,84.98
1,PUDUCHERRY,Puducherry,1024024,811432,79.24
1,BARAMULLA,Jammu and Kashmir,1744525,1034722,59.31
2,SRINAGAR,Jammu and Kashmir,1748803,676408,38.68
3,ANANTNAG-RAJOURI,Jammu and Kashmir,1849517,1026420,55.5
4,UDHAMPUR,Jammu and Kashmir,1640846,1115491,67.98
5,JAMMU,Jammu and Kashmir,1818657,1309825,72.02
1,Ladakh,Ladakh,190576,135662,71.19
All India Total,All India Total,All India Total,977965560,646420869,66.1
